player_name,season_label,league,player_id,appearances,goals_conceded_total,clean_sheets,wins,minutes_total,yellow_cards,red_cards,goals_conceded_per90,clean_sheet_pct,win_rate
Aaron Ramsdale,2020-2021,eng Premier League,427568,38,63.0,5,7,3420.0,1.0,0.0,1.658,0.132,0.184
Aaron Ramsdale,2021-2022,eng Premier League,427568,34,39.0,12,21,3060.0,1.0,0.0,1.147,0.353,0.618
Aaron Ramsdale,2022-2023,eng Premier League,427568,38,43.0,14,26,3420.0,1.0,0.0,1.132,0.368,0.684
Aaron Ramsdale,2023-2024,eng Premier League,427568,1,1.0,0,1,90.0,0.0,0.0,1.0,0.0,1.0
Aarón Escandell,2020-2021,es La Liga,284430,5,8.0,1,1,450.0,1.0,0.0,1.6,0.2,0.2
Aarón Escandell,2021-2022,es La Liga,284430,3,5.0,1,0,270.0,0.0,0.0,1.667,0.333,0.0
Adrian Semper,2021-2022,it Serie A,317057,1,1.0,0,0,90.0,0.0,0.0,1.0,0.0,0.0
Adrián,2020-2021,eng Premier League,71271,3,9.0,1,1,270.0,0.0,0.0,3.0,0.333,0.333
Agustín Marchesín,2022-2023,es La Liga,54534,19,29.0,6,5,1710.0,3.0,0.0,1.526,0.316,0.263
Aitor Fernández,2020-2021,es La Liga,118997,29,44.0,3,8,2610.0,0.0,0.0,1.517,0.103,0.276
Aitor Fernández,2021-2022,es La Liga,118997,13,29.0,2,1,1167.0,1.0,1.0,2.237,0.154,0.077
Aitor Fernández,2022-2023,es La Liga,118997,21,19.0,8,10,1890.0,1.0,0.0,0.905,0.381,0.476
Aitor Fernández,2023-2024,es La Liga,118997,1,1.0,0,0,90.0,0.0,0.0,1.0,0.0,0.0
Alaa Bellaarouch,2023-2024,fr Ligue 1,667991,7,15.0,0,1,630.0,0.0,0.0,2.143,0.0,0.143
Alban Lafont,2020-2021,fr Ligue 1,357117,38,55.0,5,9,3420.0,2.0,0.0,1.447,0.132,0.237
Alban Lafont,2021-2022,fr Ligue 1,357117,38,48.0,8,15,3420.0,3.0,0.0,1.263,0.211,0.395
Alban Lafont,2022-2023,fr Ligue 1,357117,37,54.0,11,7,3330.0,2.0,0.0,1.459,0.297,0.189
Alban Lafont,2023-2024,fr Ligue 1,357117,7,9.0,2,2,630.0,0.0,0.0,1.286,0.286,0.286
Alberto Cifuentes,2020-2021,es La Liga,7668,2,3.0,1,1,180.0,0.0,0.0,1.5,0.5,0.5
Alberto Paleari,2020-2021,it Serie A,163048,2,2.0,1,1,180.0,0.0,0.0,1.0,0.5,0.5
Alessandro Berardi,2021-2022,it Serie A,127217,1,3.0,0,0,90.0,0.0,0.0,3.0,0.0,0.0
Alessandro Russo,2022-2023,it Serie A,481344,1,3.0,0,0,90.0,0.0,0.0,3.0,0.0,0.0
Alessandro Sorrentino,2023-2024,it Serie A,542588,1,3.0,0,0,90.0,0.0,0.0,3.0,0.0,0.0
Alessio Cragno,2020-2021,it Serie A,12907,34,53.0,6,6,3060.0,1.0,0.0,1.559,0.176,0.176
Alessio Cragno,2021-2022,it Serie A,12907,35,63.0,2,6,3150.0,3.0,0.0,1.8,0.057,0.171
Alessio Cragno,2022-2023,it Serie A,12907,1,3.0,0,0,90.0,0.0,0.0,3.0,0.0,0.0
Alex Cordaz,2020-2021,it Serie A,16633,36,91.0,2,6,3240.0,1.0,0.0,2.528,0.056,0.167
Alex McCarthy,2020-2021,eng Premier League,95976,30,57.0,7,8,2700.0,2.0,0.0,1.9,0.233,0.267
Alex McCarthy,2021-2022,eng Premier League,95976,17,27.0,5,3,1530.0,1.0,0.0,1.588,0.294,0.176
Alex McCarthy,2022-2023,eng Premier League,95976,6,17.0,0,0,540.0,0.0,0.0,2.833,0.0,0.0
Alex Meret,2020-2021,it Serie A,240414,22,29.0,6,13,1980.0,0.0,0.0,1.318,0.273,0.591
Alex Meret,2021-2022,it Serie A,240414,7,6.0,3,5,620.0,0.0,0.0,0.871,0.429,0.714
Alex Meret,2022-2023,it Serie A,240414,34,24.0,16,26,3060.0,0.0,0.0,0.706,0.471,0.765
Alex Meret,2023-2024,it Serie A,240414,6,6.0,0,2,540.0,0.0,0.0,1.0,0.0,0.333
Alexander Meyer,2022-2023,de Bundesliga,76158,7,12.0,1,3,630.0,0.0,0.0,1.714,0.143,0.429
Alexander Meyer,2023-2024,de Bundesliga,76158,5,5.0,2,3,450.0,0.0,0.0,1.0,0.4,0.6
Alexander Nübel,2020-2021,de Bundesliga,195778,1,2.0,0,0,90.0,0.0,0.0,2.0,0.0,0.0
Alexander Nübel,2021-2022,fr Ligue 1,195778,38,40.0,11,20,3420.0,0.0,0.0,1.053,0.289,0.526
Alexander Nübel,2022-2023,fr Ligue 1,195778,38,58.0,9,19,3420.0,1.0,0.0,1.526,0.237,0.5
Alexander Nübel,2023-2024,de Bundesliga,195778,6,6.0,2,5,540.0,0.0,0.0,1.0,0.333,0.833
Alexander Schwolow,2020-2021,de Bundesliga,93763,26,39.0,8,6,2340.0,0.0,0.0,1.5,0.308,0.231
Alexander Schwolow,2021-2022,de Bundesliga,93763,25,53.0,4,7,2176.0,1.0,0.0,2.192,0.16,0.28
Alexander Schwolow,2022-2023,de Bundesliga,93763,22,56.0,2,4,1980.0,1.0,0.0,2.545,0.091,0.182
Alexander Schwolow,2023-2024,de Bundesliga,93763,1,2.0,0,0,90.0,0.0,0.0,2.0,0.0,0.0
Alexandre Oukidja,2020-2021,fr Ligue 1,56809,34,38.0,8,12,3060.0,2.0,1.0,1.118,0.235,0.353
Alexandre Oukidja,2021-2022,fr Ligue 1,56809,21,40.0,3,2,1877.0,2.0,1.0,1.918,0.143,0.095
Alexandre Oukidja,2023-2024,fr Ligue 1,56809,8,11.0,2,2,720.0,1.0,0.0,1.375,0.25,0.25
Alfred Gomis,2020-2021,fr Ligue 1,163568,27,35.0,5,7,2430.0,1.0,0.0,1.296,0.185,0.259
Alfred Gomis,2021-2022,fr Ligue 1,163568,25,25.0,10,14,2250.0,1.0,0.0,1.0,0.4,0.56
Alisson,2020-2021,eng Premier League,105470,33,32.0,10,18,2970.0,1.0,0.0,0.97,0.303,0.545
Alisson,2021-2022,eng Premier League,105470,36,24.0,20,27,3240.0,0.0,0.0,0.667,0.556,0.75
Alisson,2022-2023,eng Premier League,105470,37,43.0,14,19,3330.0,1.0,0.0,1.162,0.378,0.514
Alisson,2023-2024,eng Premier League,105470,3,4.0,1,2,270.0,0.0,0.0,1.333,0.333,0.667
Alphonse Areola,2020-2021,eng Premier League,120629,36,48.0,9,5,3240.0,2.0,0.0,1.333,0.25,0.139
Alphonse Areola,2021-2022,eng Premier League,120629,1,1.0,0,0,90.0,0.0,0.0,1.0,0.0,0.0
Alphonse Areola,2022-2023,eng Premier League,120629,2,5.0,0,0,180.0,0.0,0.0,2.5,0.0,0.0
Alphonse Areola,2023-2024,eng Premier League,120629,9,20.0,0,2,765.0,1.0,0.0,2.353,0.0,0.222
Andrea Consigli,2020-2021,it Serie A,35865,37,56.0,7,17,3330.0,1.0,0.0,1.514,0.189,0.459
Andrea Consigli,2021-2022,it Serie A,35865,37,63.0,3,13,3323.0,2.0,0.0,1.706,0.081,0.351
Andrea Consigli,2022-2023,it Serie A,35865,35,55.0,9,12,3150.0,0.0,0.0,1.571,0.257,0.343
Andrea Consigli,2023-2024,it Serie A,35865,9,20.0,1,1,810.0,0.0,0.0,2.222,0.111,0.111
Andreas Linde,2021-2022,de Bundesliga,199221,12,24.0,3,1,1080.0,0.0,0.0,2.0,0.25,0.083
Andreas Luthe,2020-2021,de Bundesliga,41323,31,42.0,5,11,2769.0,1.0,0.0,1.365,0.161,0.355
Andreas Luthe,2021-2022,de Bundesliga,41323,27,39.0,6,11,2430.0,3.0,0.0,1.444,0.222,0.407
Andreas Luthe,2023-2024,de Bundesliga,41323,1,4.0,0,0,90.0,0.0,0.0,4.0,0.0,0.0
Andrei Radu,2020-2021,it Serie A,303657,1,1.0,0,1,90.0,0.0,0.0,1.0,0.0,1.0
Andrei Radu,2021-2022,it Serie A,303657,1,2.0,0,0,90.0,0.0,0.0,2.0,0.0,0.0
Andrei Radu,2022-2023,fr Ligue 1,303657,17,20.0,5,4,1530.0,0.0,0.0,1.176,0.294,0.235
Andrei Radu,2022-2023,it Serie A,303657,9,19.0,1,0,810.0,0.0,0.0,2.111,0.111,0.0
Andrey Lunev,2021-2022,de Bundesliga,112541,1,1.0,0,1,90.0,0.0,0.0,1.0,0.0,1.0
Andrey Lunev,2022-2023,de Bundesliga,112541,1,2.0,0,0,90.0,0.0,0.0,2.0,0.0,0.0
Andriy Lunin,2021-2022,es La Liga,404839,2,2.0,0,0,180.0,0.0,0.0,1.0,0.0,0.0
Andriy Lunin,2022-2023,es La Liga,404839,7,7.0,3,4,630.0,0.0,0.0,1.0,0.429,0.571
Andriy Lunin,2023-2024,es La Liga,404839,9,7.0,4,6,810.0,0.0,0.0,0.778,0.444,0.667
André Onana,2022-2023,it Serie A,234509,24,24.0,8,14,2160.0,1.0,0.0,1.0,0.333,0.583
André Onana,2023-2024,eng Premier League,234509,7,10.0,2,5,630.0,1.0,0.0,1.429,0.286,0.714
Andrés Fernández,2020-2021,es La Liga,57522,16,21.0,4,2,1440.0,0.0,0.0,1.312,0.25,0.125
Angelo da Costa,2020-2021,it Serie A,82693,6,9.0,1,0,540.0,2.0,0.0,1.5,0.167,0.0
Angus Gunn,2021-2022,eng Premier League,201574,9,22.0,1,1,810.0,0.0,0.0,2.444,0.111,0.111
Anthony Lopes,2020-2021,fr Ligue 1,60561,38,43.0,11,22,3420.0,2.0,0.0,1.132,0.289,0.579
Anthony Lopes,2021-2022,fr Ligue 1,60561,34,46.0,8,14,2984.0,1.0,1.0,1.387,0.235,0.412
Anthony Lopes,2022-2023,fr Ligue 1,60561,32,40.0,7,16,2817.0,2.0,1.0,1.278,0.219,0.5
Anthony Lopes,2023-2024,fr Ligue 1,60561,8,10.0,3,6,720.0,0.0,0.0,1.25,0.375,0.75
Anthony Mandréa,2021-2022,fr Ligue 1,290559,10,14.0,2,3,900.0,0.0,0.0,1.4,0.2,0.3
Anthony Racioppi,2020-2021,fr Ligue 1,395671,21,33.0,3,2,1890.0,0.0,0.0,1.571,0.143,0.095
Antonio Mirante,2020-2021,it Serie A,22141,13,23.0,5,6,1154.0,2.0,0.0,1.794,0.385,0.462
Antonio Sivera,2020-2021,es La Liga,298197,1,1.0,0,0,72.0,0.0,0.0,1.25,0.0,0.0
Antonio Sivera,2021-2022,es La Liga,298197,3,4.0,0,0,270.0,1.0,0.0,1.333,0.0,0.0
Antonio Sivera,2023-2024,es La Liga,298197,9,8.0,4,3,810.0,0.0,0.0,0.889,0.444,0.333
Arijanet Muric,2023-2024,eng Premier League,371021,1,1.0,0,1,90.0,0.0,0.0,1.0,0.0,1.0
Arthur Desmas,2021-2022,fr Ligue 1,379869,15,33.0,3,3,1305.0,0.0,0.0,2.276,0.2,0.2
Arthur Desmas,2023-2024,fr Ligue 1,379869,7,11.0,1,1,630.0,0.0,0.0,1.571,0.143,0.143
Asmir Begovic,2021-2022,eng Premier League,33873,3,8.0,1,1,270.0,0.0,0.0,2.667,0.333,0.333
Asmir Begovic,2022-2023,eng Premier League,33873,1,0.0,1,1,90.0,0.0,0.0,0.0,1.0,1.0
Augusto Batalla,2023-2024,es La Liga,275218,8,17.0,0,0,720.0,2.0,0.0,2.125,0.0,0.0
Axel Werner,2022-2023,es La Liga,236734,2,4.0,0,0,180.0,0.0,0.0,2.0,0.0,0.0
Bailey Peacock-Farrell,2020-2021,eng Premier League,410436,4,14.0,0,0,360.0,0.0,0.0,3.5,0.0,0.0
Baptiste Reynet,2020-2021,fr Ligue 1,190786,38,71.0,8,9,3420.0,3.0,0.0,1.868,0.211,0.237
Bart Verbruggen,2023-2024,eng Premier League,565093,4,2.0,2,3,360.0,1.0,0.0,0.5,0.5,0.75
Bartlomiej Dragowski,2020-2021,it Serie A,208166,36,57.0,8,9,3149.0,0.0,0.0,1.629,0.222,0.25
Bartlomiej Dragowski,2021-2022,it Serie A,208166,7,11.0,2,3,557.0,0.0,1.0,1.777,0.286,0.429
Bartlomiej Dragowski,2022-2023,it Serie A,208166,34,56.0,6,6,2948.0,1.0,0.0,1.71,0.176,0.176
Ben Foster,2021-2022,eng Premier League,13572,26,49.0,4,5,2340.0,0.0,0.0,1.885,0.154,0.192
Benjamin Lecomte,2020-2021,fr Ligue 1,127181,28,27.0,13,18,2520.0,1.0,0.0,0.964,0.464,0.643
Benjamin Lecomte,2022-2023,es La Liga,127181,10,15.0,1,1,900.0,1.0,1.0,1.5,0.1,0.1
Benjamin Lecomte,2022-2023,fr Ligue 1,127181,19,22.0,8,10,1710.0,0.0,0.0,1.158,0.421,0.526
Benjamin Lecomte,2023-2024,fr Ligue 1,127181,7,11.0,2,2,630.0,0.0,0.0,1.571,0.286,0.286
Benjamin Leroy,2022-2023,fr Ligue 1,124901,32,60.0,5,6,2799.0,1.0,0.0,1.929,0.156,0.188
Benjamin Uphoff,2021-2022,de Bundesliga,120296,2,7.0,0,0,180.0,0.0,0.0,3.5,0.0,0.0
Benoît Costil,2020-2021,fr Ligue 1,22628,38,56.0,14,13,0.0,0.0,0.0,6.0,0.368,0.342
Benoît Costil,2021-2022,fr Ligue 1,22628,25,62.0,0,3,2250.0,1.0,0.0,2.48,0.0,0.12
Benoît Costil,2022-2023,fr Ligue 1,22628,19,41.0,2,3,0.0,0.0,0.0,6.0,0.105,0.158
Benoît Costil,2023-2024,it Serie A,22628,1,1.0,0,0,90.0,0.0,0.0,1.0,0.0,0.0
Bernd Leno,2020-2021,eng Premier League,72476,35,37.0,11,17,3132.0,0.0,1.0,1.063,0.314,0.486
Bernd Leno,2021-2022,eng Premier League,72476,4,9.0,1,1,360.0,0.0,0.0,2.25,0.25,0.25
Bernd Leno,2022-2023,eng Premier League,72476,36,51.0,8,15,3240.0,3.0,0.0,1.417,0.222,0.417
Bernd Leno,2023-2024,eng Premier League,72476,8,8.0,3,4,720.0,1.0,0.0,1.0,0.375,0.5
Bingourou Kamara,2020-2021,fr Ligue 1,333175,8,14.0,2,2,720.0,0.0,0.0,1.75,0.25,0.25
Bingourou Kamara,2022-2023,fr Ligue 1,333175,4,10.0,0,0,360.0,1.0,0.0,2.5,0.0,0.0
Bono,2020-2021,es La Liga,207834,33,28.0,15,21,2970.0,3.0,0.0,0.848,0.455,0.636
Bono,2021-2022,es La Liga,207834,31,24.0,13,14,2790.0,2.0,0.0,0.774,0.419,0.452
Bono,2022-2023,es La Liga,207834,25,42.0,4,7,2152.0,1.0,0.0,1.757,0.16,0.28
Boris Radunović,2021-2022,it Serie A,258482,3,5.0,1,0,270.0,0.0,0.0,1.667,0.333,0.0
Brice Samba,2022-2023,fr Ligue 1,191056,37,28.0,15,24,3330.0,3.0,0.0,0.757,0.405,0.649
Brice Samba,2023-2024,fr Ligue 1,191056,8,8.0,4,5,720.0,1.0,0.0,1.0,0.5,0.625
Caoimhín Kelleher,2020-2021,eng Premier League,340918,2,1.0,1,1,180.0,0.0,0.0,0.5,0.5,0.5
Caoimhín Kelleher,2021-2022,eng Premier League,340918,2,2.0,1,1,180.0,0.0,0.0,1.0,0.5,0.5
Caoimhín Kelleher,2022-2023,eng Premier League,340918,1,4.0,0,0,90.0,0.0,0.0,4.0,0.0,0.0
Caoimhín Kelleher,2023-2024,eng Premier League,340918,5,4.0,1,4,450.0,0.0,0.0,0.8,0.2,0.8
Christos Mandas,2023-2024,it Serie A,481675,1,2.0,0,1,90.0,0.0,0.0,2.0,0.0,1.0
Ciprian Tătărușanu,2020-2021,it Serie A,55282,1,3.0,0,0,90.0,0.0,0.0,3.0,0.0,0.0
Ciprian Tătărușanu,2021-2022,it Serie A,55282,6,10.0,1,4,540.0,0.0,0.0,1.667,0.167,0.667
Ciprian Tătărușanu,2022-2023,it Serie A,55282,16,22.0,4,9,1440.0,0.0,0.0,1.375,0.25,0.562
Claudio Bravo,2020-2021,es La Liga,40423,20,25.0,7,8,1800.0,3.0,0.0,1.25,0.35,0.4
Claudio Bravo,2021-2022,es La Liga,40423,17,21.0,5,8,1457.0,2.0,0.0,1.297,0.294,0.471
Claudio Bravo,2022-2023,es La Liga,40423,12,9.0,4,5,1080.0,2.0,0.0,0.75,0.333,0.417
Conan Ledesma,2020-2021,es La Liga,284342,32,45.0,9,10,2880.0,0.0,0.0,1.406,0.281,0.312
Conan Ledesma,2021-2022,es La Liga,284342,38,51.0,13,8,3420.0,4.0,0.0,1.342,0.342,0.211
Conan Ledesma,2022-2023,es La Liga,284342,34,48.0,12,9,3060.0,2.0,0.0,1.412,0.353,0.265
Conan Ledesma,2023-2024,es La Liga,284342,9,10.0,3,1,810.0,0.0,0.0,1.111,0.333,0.111
Dani Cárdenas,2020-2021,es La Liga,397676,8,11.0,1,1,720.0,1.0,0.0,1.375,0.125,0.125
Dani Cárdenas,2021-2022,es La Liga,397676,24,46.0,5,6,2160.0,3.0,0.0,1.917,0.208,0.25
Daniel Bachmann,2021-2022,eng Premier League,120186,12,28.0,0,1,1080.0,0.0,0.0,2.333,0.0,0.083
Daniel Bentley,2022-2023,eng Premier League,136401,2,3.0,0,0,180.0,0.0,0.0,1.5,0.0,0.0
Daniel Fuzato,2020-2021,it Serie A,438682,5,7.0,2,2,450.0,0.0,0.0,1.4,0.4,0.4
Daniel Iversen,2022-2023,eng Premier League,260841,12,22.0,1,2,1080.0,0.0,0.0,1.833,0.083,0.167
Daniele Padelli,2021-2022,it Serie A,27807,3,8.0,1,1,270.0,0.0,0.0,2.667,0.333,0.333
Danijel Petkovic,2021-2022,fr Ligue 1,188930,15,22.0,2,3,1350.0,1.0,0.0,1.467,0.133,0.2
Danny Ward,2021-2022,eng Premier League,203026,1,1.0,0,1,90.0,0.0,0.0,1.0,0.0,1.0
Danny Ward,2022-2023,eng Premier League,203026,26,46.0,6,7,2340.0,0.0,0.0,1.769,0.231,0.269
Darren Randolph,2020-2021,eng Premier League,51321,3,3.0,1,2,270.0,0.0,0.0,1.0,0.333,0.667
David Button,2020-2021,eng Premier League,61814,1,2.0,0,1,90.0,0.0,0.0,2.0,0.0,1.0
David Gil,2020-2021,es La Liga,162027,4,10.0,0,0,360.0,0.0,0.0,2.5,0.0,0.0
David Gil,2022-2023,es La Liga,162027,4,5.0,1,1,360.0,0.0,0.0,1.25,0.25,0.25
David Ospina,2020-2021,it Serie A,73396,16,12.0,8,11,1440.0,2.0,0.0,0.75,0.5,0.688
David Ospina,2021-2022,it Serie A,73396,31,25.0,13,19,2790.0,1.0,0.0,0.806,0.419,0.613
David Raya,2021-2022,eng Premier League,262749,24,27.0,8,10,2160.0,1.0,0.0,1.125,0.333,0.417
David Raya,2022-2023,eng Premier League,262749,38,46.0,12,15,3420.0,1.0,0.0,1.211,0.316,0.395
David Raya,2023-2024,eng Premier League,262749,7,3.0,4,7,630.0,0.0,0.0,0.429,0.571,1.0
David Soria,2020-2021,es La Liga,226012,28,31.0,10,6,2520.0,2.0,0.0,1.107,0.357,0.214
David Soria,2021-2022,es La Liga,226012,38,41.0,14,8,3415.0,4.0,0.0,1.081,0.368,0.211
David Soria,2022-2023,es La Liga,226012,38,45.0,13,10,3420.0,3.0,0.0,1.184,0.342,0.263
David Soria,2023-2024,es La Liga,226012,10,17.0,2,3,900.0,1.0,0.0,1.7,0.2,0.3
David de Gea,2020-2021,eng Premier League,59377,26,32.0,9,12,2295.0,0.0,0.0,1.255,0.346,0.462
David de Gea,2021-2022,eng Premier League,59377,38,57.0,8,16,3420.0,0.0,0.0,1.5,0.211,0.421
David de Gea,2022-2023,eng Premier League,59377,38,43.0,17,23,3420.0,0.0,0.0,1.132,0.447,0.605
Dean Henderson,2020-2021,eng Premier League,258919,12,12.0,4,9,1080.0,3.0,0.0,1.0,0.333,0.75
Dean Henderson,2022-2023,eng Premier League,258919,18,31.0,6,5,1620.0,2.0,0.0,1.722,0.333,0.278
Dean Henderson,2023-2024,eng Premier League,258919,4,14.0,0,1,360.0,0.0,0.0,3.5,0.0,0.25
Diant Ramaj,2021-2022,de Bundesliga,448705,1,1.0,0,0,90.0,0.0,0.0,1.0,0.0,0.0
Diant Ramaj,2022-2023,de Bundesliga,448705,1,1.0,0,0,90.0,0.0,0.0,1.0,0.0,0.0
Diego López,2021-2022,es La Liga,34370,35,49.0,10,10,3088.0,3.0,0.0,1.428,0.286,0.286
Diego López,2022-2023,es La Liga,34370,1,3.0,0,0,90.0,0.0,0.0,3.0,0.0,0.0
Dimitry Bertaud,2020-2021,fr Ligue 1,371816,7,6.0,3,4,630.0,0.0,0.0,0.857,0.429,0.571
Dimitry Bertaud,2021-2022,fr Ligue 1,371816,9,17.0,2,2,810.0,0.0,0.0,1.889,0.222,0.222
Dimitry Bertaud,2023-2024,fr Ligue 1,371816,1,6.0,0,0,90.0,0.0,0.0,6.0,0.0,0.0
Djordje Petrovic,2023-2024,eng Premier League,465555,6,14.0,0,2,540.0,2.0,0.0,2.333,0.0,0.333
Dominik Greif,2021-2022,es La Liga,316884,1,3.0,0,0,90.0,0.0,0.0,3.0,0.0,0.0
Dominik Greif,2022-2023,es La Liga,316884,1,3.0,0,0,90.0,0.0,0.0,3.0,0.0,0.0
Donovan Léon,2022-2023,fr Ligue 1,170911,2,2.0,0,1,180.0,0.0,0.0,1.0,0.0,0.5
Doğan Alemdar,2021-2022,fr Ligue 1,576033,12,13.0,4,6,1080.0,1.0,0.0,1.083,0.333,0.5
Doğan Alemdar,2022-2023,fr Ligue 1,576033,4,7.0,0,2,360.0,1.0,0.0,1.75,0.0,0.5
Ederson,2020-2021,eng Premier League,238223,36,28.0,19,25,3240.0,3.0,0.0,0.778,0.528,0.694
Ederson,2021-2022,eng Premier League,238223,37,26.0,20,28,3330.0,3.0,0.0,0.703,0.541,0.757
Ederson,2022-2023,eng Premier League,238223,35,32.0,11,26,3150.0,3.0,0.0,0.914,0.314,0.743
Ederson,2023-2024,eng Premier League,238223,8,5.0,3,6,686.0,2.0,0.0,0.656,0.375,0.75
Edgar Badia,2020-2021,es La Liga,102146,30,46.0,5,5,2700.0,0.0,0.0,1.533,0.167,0.167
Edgar Badia,2021-2022,es La Liga,102146,24,35.0,5,8,2160.0,2.0,0.0,1.458,0.208,0.333
Edgar Badia,2022-2023,es La Liga,102146,36,63.0,4,5,3240.0,2.0,0.0,1.75,0.111,0.139
Edouard Mendy,2020-2021,eng Premier League,442531,31,26.0,16,17,2745.0,2.0,0.0,0.852,0.516,0.548
Edouard Mendy,2020-2021,fr Ligue 1,442531,1,1.0,0,0,90.0,0.0,0.0,1.0,0.0,0.0
Edouard Mendy,2021-2022,eng Premier League,442531,34,31.0,14,19,3060.0,3.0,0.0,0.912,0.412,0.559
Edouard Mendy,2022-2023,eng Premier League,442531,9,13.0,1,3,810.0,1.0,0.0,1.444,0.111,0.333
Eiji Kawashima,2020-2021,fr Ligue 1,77383,24,31.0,8,8,2160.0,1.0,0.0,1.292,0.333,0.333
Eiji Kawashima,2021-2022,fr Ligue 1,77383,1,0.0,1,1,90.0,0.0,0.0,0.0,1.0,1.0
Elia Caprile,2023-2024,it Serie A,421873,9,8.0,2,3,810.0,0.0,0.0,0.889,0.222,0.333
Elias Bördner,2020-2021,de Bundesliga,569288,1,1.0,0,1,90.0,0.0,0.0,1.0,0.0,1.0
Emil Audero,2020-2021,it Serie A,256339,37,54.0,6,14,3330.0,0.0,0.0,1.459,0.162,0.378
Emil Audero,2021-2022,it Serie A,256339,29,49.0,5,8,2561.0,2.0,0.0,1.722,0.172,0.276
Emil Audero,2022-2023,it Serie A,256339,25,39.0,4,2,2250.0,1.0,0.0,1.56,0.16,0.08
Emil Audero,2023-2024,it Serie A,256339,1,0.0,1,1,90.0,0.0,0.0,0.0,1.0,1.0
Emiliano Martínez,2020-2021,eng Premier League,111873,38,46.0,15,16,3420.0,1.0,0.0,1.211,0.395,0.421
Emiliano Martínez,2021-2022,eng Premier League,111873,36,48.0,11,13,3240.0,4.0,0.0,1.333,0.306,0.361
Emiliano Martínez,2022-2023,eng Premier League,111873,36,43.0,11,17,3140.0,7.0,0.0,1.232,0.306,0.472
Emiliano Martínez,2023-2024,eng Premier League,111873,8,15.0,1,4,720.0,0.0,0.0,1.875,0.125,0.5
Etienne Green,2020-2021,fr Ligue 1,696849,8,8.0,3,4,720.0,0.0,0.0,1.0,0.375,0.5
Etienne Green,2021-2022,fr Ligue 1,696849,15,33.0,1,2,1199.0,1.0,1.0,2.477,0.067,0.133
Etrit Berisha,2021-2022,it Serie A,77825,10,8.0,4,3,900.0,1.0,0.0,0.8,0.4,0.3
Fabian Bredlow,2020-2021,de Bundesliga,187624,1,1.0,0,1,90.0,0.0,0.0,1.0,0.0,1.0
Fabian Bredlow,2021-2022,de Bundesliga,187624,4,7.0,0,0,360.0,0.0,0.0,1.75,0.0,0.0
Fabian Bredlow,2022-2023,de Bundesliga,187624,15,23.0,1,4,1350.0,2.0,0.0,1.533,0.067,0.267
Fabian Bredlow,2023-2024,de Bundesliga,187624,3,3.0,0,2,270.0,0.0,0.0,1.0,0.0,0.667
Federico Marchetti,2020-2021,it Serie A,22318,4,12.0,0,0,335.0,0.0,0.0,3.224,0.0,0.0
Federico Ravaglia,2020-2021,it Serie A,390304,4,10.0,0,0,360.0,0.0,0.0,2.5,0.0,0.0
Federico Ravaglia,2023-2024,it Serie A,390304,1,0.0,1,1,90.0,0.0,0.0,0.0,1.0,1.0
Fernando Martínez,2022-2023,es La Liga,81997,37,63.0,4,11,3285.0,3.0,0.0,1.726,0.108,0.297
Fernando Pacheco,2020-2021,es La Liga,172015,37,56.0,9,9,3330.0,1.0,0.0,1.514,0.243,0.243
Fernando Pacheco,2021-2022,es La Liga,172015,34,60.0,6,8,3054.0,1.0,0.0,1.768,0.176,0.235
Fernando Pacheco,2022-2023,es La Liga,172015,17,35.0,3,4,1530.0,0.0,0.0,2.059,0.176,0.235
Filip Jørgensen,2022-2023,es La Liga,585323,2,3.0,0,0,180.0,0.0,0.0,1.5,0.0,0.0
Filip Jørgensen,2023-2024,es La Liga,585323,8,9.0,2,4,720.0,2.0,0.0,1.125,0.25,0.5
Finn Dahmen,2020-2021,de Bundesliga,251299,3,10.0,0,1,270.0,0.0,0.0,3.333,0.0,0.333
Finn Dahmen,2021-2022,de Bundesliga,251299,2,3.0,0,1,180.0,0.0,0.0,1.5,0.0,0.5
Finn Dahmen,2022-2023,de Bundesliga,251299,8,16.0,0,3,720.0,0.0,0.0,2.0,0.0,0.375
Finn Dahmen,2023-2024,de Bundesliga,251299,9,10.0,2,5,810.0,2.0,0.0,1.111,0.222,0.556
Florian Müller,2020-2021,de Bundesliga,284769,31,46.0,6,11,2790.0,0.0,0.0,1.484,0.194,0.355
Florian Müller,2021-2022,de Bundesliga,284769,30,52.0,4,7,2700.0,0.0,0.0,1.733,0.133,0.233
Florian Müller,2022-2023,de Bundesliga,284769,19,34.0,1,3,1710.0,0.0,0.0,1.789,0.053,0.158
Francesco Bardi,2021-2022,it Serie A,110925,2,2.0,1,1,178.0,0.0,0.0,1.011,0.5,0.5
Francesco Bardi,2022-2023,it Serie A,110925,1,0.0,1,1,90.0,0.0,0.0,0.0,1.0,1.0
François-Joseph Sollacaro,2022-2023,fr Ligue 1,331977,6,14.0,1,1,540.0,0.0,0.0,2.333,0.167,0.167
Fraser Forster,2020-2021,eng Premier League,52570,8,11.0,2,4,720.0,0.0,0.0,1.375,0.25,0.5
Fraser Forster,2021-2022,eng Premier League,52570,19,35.0,3,6,1710.0,1.0,0.0,1.842,0.158,0.316
Fraser Forster,2022-2023,eng Premier League,52570,13,23.0,3,5,1170.0,1.0,0.0,1.769,0.231,0.385
Freddie Woodman,2021-2022,eng Premier League,226049,4,12.0,0,0,360.0,0.0,0.0,3.0,0.0,0.0
Frederik Rönnow,2020-2021,de Bundesliga,107775,10,23.0,1,0,900.0,0.0,0.0,2.3,0.1,0.0
Frederik Rönnow,2021-2022,de Bundesliga,107775,7,5.0,2,5,630.0,1.0,0.0,0.714,0.286,0.714
Frederik Rönnow,2022-2023,de Bundesliga,107775,29,27.0,11,16,2610.0,2.0,0.0,0.931,0.379,0.552
Frederik Rönnow,2023-2024,de Bundesliga,107775,9,9.0,3,4,810.0,0.0,0.0,1.0,0.333,0.444
Gauthier Gallon,2021-2022,fr Ligue 1,193256,31,45.0,8,8,2790.0,2.0,0.0,1.452,0.258,0.258
Gauthier Gallon,2022-2023,fr Ligue 1,193256,29,61.0,0,3,2578.0,3.0,1.0,2.13,0.0,0.103
Gautier Larsonneur,2020-2021,fr Ligue 1,357047,35,62.0,6,10,3150.0,2.0,0.0,1.771,0.171,0.286
Gavin Bazunu,2022-2023,eng Premier League,585550,32,56.0,4,6,2880.0,0.0,0.0,1.75,0.125,0.188
Gaëtan Poussin,2021-2022,fr Ligue 1,344591,13,29.0,2,3,1170.0,2.0,0.0,2.231,0.154,0.231
Gerónimo Rulli,2020-2021,es La Liga,229604,2,4.0,0,0,180.0,0.0,0.0,2.0,0.0,0.0
Gerónimo Rulli,2021-2022,es La Liga,229604,32,28.0,14,14,2880.0,2.0,0.0,0.875,0.438,0.438
Gerónimo Rulli,2022-2023,es La Liga,229604,14,10.0,7,6,1260.0,1.0,0.0,0.714,0.5,0.429
Gian Marco Crespi,2020-2021,it Serie A,504825,1,0.0,1,0,90.0,0.0,0.0,0.0,1.0,0.0
Gianluca Pegolo,2020-2021,it Serie A,21872,1,0.0,1,0,90.0,0.0,0.0,0.0,1.0,0.0
Gianluca Pegolo,2021-2022,it Serie A,21872,1,3.0,0,0,90.0,0.0,0.0,3.0,0.0,0.0
Gianluca Pegolo,2022-2023,it Serie A,21872,2,3.0,0,0,180.0,0.0,0.0,1.5,0.0,0.0
Gianluigi Buffon,2020-2021,it Serie A,5023,8,5.0,3,7,720.0,0.0,0.0,0.625,0.375,0.875
Gianluigi Donnarumma,2020-2021,it Serie A,315858,37,38.0,14,24,3330.0,1.0,0.0,1.027,0.378,0.649
Gianluigi Donnarumma,2021-2022,fr Ligue 1,315858,17,17.0,5,13,1530.0,3.0,0.0,1.0,0.294,0.765
Gianluigi Donnarumma,2022-2023,fr Ligue 1,315858,38,40.0,13,27,3410.0,3.0,0.0,1.056,0.342,0.711
Gianluigi Donnarumma,2023-2024,fr Ligue 1,315858,6,6.0,2,3,540.0,1.0,0.0,1.0,0.333,0.5
Giorgi Mamardashvili,2021-2022,es La Liga,502676,18,20.0,8,5,1620.0,2.0,0.0,1.111,0.444,0.278
Giorgi Mamardashvili,2022-2023,es La Liga,502676,38,45.0,7,11,3420.0,3.0,0.0,1.184,0.184,0.289
Giorgi Mamardashvili,2023-2024,es La Liga,502676,8,8.0,3,3,720.0,0.0,0.0,1.0,0.375,0.375
Gregor Kobel,2020-2021,de Bundesliga,257814,33,54.0,5,11,2970.0,0.0,0.0,1.636,0.152,0.333
Gregor Kobel,2021-2022,de Bundesliga,257814,29,40.0,7,20,2565.0,0.0,0.0,1.404,0.241,0.69
Gregor Kobel,2022-2023,de Bundesliga,257814,27,32.0,11,19,2430.0,0.0,0.0,1.185,0.407,0.704
Gregor Kobel,2023-2024,de Bundesliga,257814,4,2.0,2,3,360.0,0.0,0.0,0.5,0.5,0.75
Grégoire Coudert,2023-2024,fr Ligue 1,525155,2,0.0,2,2,180.0,0.0,0.0,0.0,1.0,1.0
Guglielmo Vicario,2020-2021,it Serie A,286047,4,6.0,1,3,360.0,0.0,0.0,1.5,0.25,0.75
Guglielmo Vicario,2021-2022,it Serie A,286047,38,70.0,7,10,3420.0,1.0,0.0,1.842,0.184,0.263
Guglielmo Vicario,2022-2023,it Serie A,286047,31,40.0,7,9,2784.0,3.0,0.0,1.293,0.226,0.29
Guglielmo Vicario,2023-2024,eng Premier League,286047,7,11.0,1,4,630.0,0.0,0.0,1.571,0.143,0.571
Guillaume Restes,2023-2024,fr Ligue 1,912902,8,13.0,0,4,720.0,1.0,0.0,1.625,0.0,0.5
Guillermo Ochoa,2022-2023,it Serie A,29559,20,33.0,4,4,1800.0,1.0,0.0,1.65,0.2,0.2
Guillermo Ochoa,2023-2024,it Serie A,29559,8,18.0,1,0,720.0,0.0,0.0,2.25,0.125,0.0
Hugo Lloris,2020-2021,eng Premier League,17965,38,45.0,12,18,3420.0,0.0,0.0,1.184,0.316,0.474
Hugo Lloris,2021-2022,eng Premier League,17965,38,40.0,16,22,3420.0,2.0,0.0,1.053,0.421,0.579
Hugo Lloris,2022-2023,eng Premier League,17965,25,40.0,7,13,2205.0,0.0,0.0,1.633,0.28,0.52
Illan Meslier,2020-2021,eng Premier League,542586,35,52.0,11,16,3150.0,0.0,0.0,1.486,0.314,0.457
Illan Meslier,2021-2022,eng Premier League,542586,38,79.0,5,9,3385.0,2.0,0.0,2.1,0.132,0.237
Illan Meslier,2022-2023,eng Premier League,542586,34,67.0,5,7,3060.0,3.0,0.0,1.971,0.147,0.206
Ivan Provedel,2020-2021,it Serie A,197929,29,55.0,4,6,2610.0,1.0,0.0,1.897,0.138,0.207
Ivan Provedel,2021-2022,it Serie A,197929,31,52.0,7,9,2762.0,2.0,0.0,1.694,0.226,0.29
Ivan Provedel,2022-2023,it Serie A,197929,37,29.0,21,21,3330.0,1.0,0.0,0.784,0.568,0.568
Ivan Provedel,2023-2024,it Serie A,197929,8,11.0,2,2,720.0,0.0,0.0,1.375,0.25,0.25
Ivo Grbic,2021-2022,fr Ligue 1,226073,21,28.0,2,8,1890.0,3.0,0.0,1.333,0.095,0.381
Ivo Grbic,2022-2023,es La Liga,226073,10,13.0,1,6,895.0,1.0,0.0,1.307,0.1,0.6
Ivo Grbic,2023-2024,eng Premier League,226073,4,12.0,0,0,322.0,1.0,0.0,3.354,0.0,0.0
Ivor Pandur,2020-2021,it Serie A,371013,4,6.0,0,0,334.0,0.0,0.0,1.617,0.0,0.0
Ivor Pandur,2021-2022,it Serie A,371013,3,6.0,0,1,270.0,0.0,0.0,2.0,0.0,0.333
Iván Villar,2020-2021,es La Liga,297194,19,27.0,5,7,1710.0,1.0,0.0,1.421,0.263,0.368
Iván Villar,2022-2023,es La Liga,297194,19,24.0,4,6,1710.0,0.0,0.0,1.263,0.211,0.316
Iñaki Peña,2023-2024,es La Liga,283170,4,8.0,1,3,360.0,0.0,0.0,2.0,0.25,0.75
Jack Butland,2020-2021,eng Premier League,128899,1,2.0,0,1,90.0,0.0,0.0,2.0,0.0,1.0
Jack Butland,2021-2022,eng Premier League,128899,8,12.0,1,2,720.0,0.0,0.0,1.5,0.125,0.25
James Trafford,2023-2024,eng Premier League,566799,7,20.0,0,0,630.0,0.0,0.0,2.857,0.0,0.0
Jan Oblak,2020-2021,es La Liga,121483,38,25.0,18,26,3420.0,0.0,0.0,0.658,0.474,0.684
Jan Oblak,2021-2022,es La Liga,121483,38,43.0,12,21,3420.0,2.0,0.0,1.132,0.316,0.553
Jan Oblak,2022-2023,es La Liga,121483,28,20.0,12,17,2494.0,1.0,0.0,0.722,0.429,0.607
Jan Oblak,2023-2024,es La Liga,121483,10,11.0,3,5,900.0,0.0,0.0,1.1,0.3,0.5
Jan Olschowsky,2022-2023,de Bundesliga,455922,4,11.0,0,1,360.0,0.0,0.0,2.75,0.0,0.25
Janis Blaswich,2022-2023,de Bundesliga,81173,26,29.0,7,16,2340.0,0.0,0.0,1.115,0.269,0.615
Janis Blaswich,2023-2024,de Bundesliga,81173,3,10.0,0,0,270.0,0.0,0.0,3.333,0.0,0.0
Jason Steele,2021-2022,eng Premier League,73564,1,2.0,0,0,90.0,0.0,0.0,2.0,0.0,0.0
Jason Steele,2022-2023,eng Premier League,73564,15,23.0,6,7,1350.0,1.0,0.0,1.533,0.4,0.467
Jason Steele,2023-2024,eng Premier League,73564,4,9.0,1,0,360.0,0.0,0.0,2.25,0.25,0.0
Jasper Cillessen,2020-2021,es La Liga,146227,10,11.0,3,5,900.0,0.0,0.0,1.1,0.3,0.5
Jasper Cillessen,2021-2022,es La Liga,146227,16,28.0,3,4,1368.0,1.0,0.0,1.842,0.188,0.25
Jaume Doménech,2020-2021,es La Liga,227805,28,42.0,4,5,2520.0,1.0,0.0,1.5,0.143,0.179
Jaume Doménech,2021-2022,es La Liga,227805,3,4.0,1,2,270.0,1.0,0.0,1.333,0.333,0.667
Javi Díaz,2021-2022,es La Liga,396107,1,1.0,0,0,90.0,0.0,0.0,1.0,0.0,0.0
Jean-Louis Leca,2020-2021,fr Ligue 1,27490,37,52.0,8,15,3315.0,2.0,0.0,1.412,0.216,0.405
Jean-Louis Leca,2021-2022,fr Ligue 1,27490,27,37.0,5,10,2314.0,3.0,1.0,1.439,0.185,0.37
Jean-Louis Leca,2022-2023,fr Ligue 1,27490,1,1.0,0,1,90.0,0.0,0.0,1.0,0.0,1.0
Jed Steer,2021-2022,eng Premier League,110867,1,3.0,0,0,90.0,0.0,0.0,3.0,0.0,0.0
Jens Grahl,2021-2022,de Bundesliga,40034,1,2.0,0,0,90.0,0.0,0.0,2.0,0.0,0.0
Jens Grahl,2023-2024,de Bundesliga,40034,1,1.0,0,0,90.0,0.0,0.0,1.0,0.0,0.0
Jeroen Zoet,2020-2021,it Serie A,79045,7,12.0,1,3,604.0,1.0,0.0,1.788,0.143,0.429
Jeroen Zoet,2021-2022,it Serie A,79045,7,19.0,0,1,630.0,0.0,0.0,2.714,0.0,0.143
Jeroen Zoet,2022-2023,it Serie A,79045,4,6.0,0,0,287.0,1.0,0.0,1.882,0.0,0.0
Jessy Moulin,2020-2021,fr Ligue 1,33925,29,42.0,9,8,2610.0,1.0,0.0,1.448,0.31,0.276
Jessy Moulin,2021-2022,fr Ligue 1,33925,7,8.0,1,1,630.0,1.0,0.0,1.143,0.143,0.143
Jesús Owono,2021-2022,es La Liga,631693,1,1.0,0,0,0.0,0.0,0.0,6.0,0.0,0.0
Jiri Pavlenka,2020-2021,de Bundesliga,260053,34,57.0,6,7,3060.0,2.0,0.0,1.676,0.176,0.206
Jiri Pavlenka,2022-2023,de Bundesliga,260053,33,62.0,4,10,2909.0,1.0,0.0,1.918,0.121,0.303
Joan García,2021-2022,es La Liga,561613,1,2.0,0,0,90.0,0.0,0.0,2.0,0.0,0.0
Joan García,2022-2023,es La Liga,561613,1,3.0,0,0,90.0,0.0,0.0,3.0,0.0,0.0
Joaquín Blázquez,2022-2023,fr Ligue 1,668996,1,0.0,1,0,90.0,0.0,0.0,0.0,1.0,0.0
Joe Whitworth,2022-2023,eng Premier League,670840,2,5.0,0,0,180.0,0.0,0.0,2.5,0.0,0.0
Joel Robles,2020-2021,es La Liga,101118,18,25.0,6,9,1620.0,2.0,0.0,1.389,0.333,0.5
Joel Robles,2022-2023,eng Premier League,101118,4,11.0,0,0,360.0,1.0,0.0,2.75,0.0,0.0
John Ruddy,2020-2021,eng Premier League,29712,1,1.0,0,0,90.0,0.0,0.0,1.0,0.0,0.0
John Ruddy,2021-2022,eng Premier League,29712,1,1.0,0,0,90.0,0.0,0.0,1.0,0.0,0.0
Jokin Ezkieta,2020-2021,es La Liga,379548,1,2.0,0,0,90.0,0.0,0.0,2.0,0.0,0.0
Jonas Lössl,2021-2022,eng Premier League,48870,2,5.0,0,0,180.0,0.0,0.0,2.5,0.0,0.0
Jonas Omlin,2020-2021,fr Ligue 1,247915,31,56.0,2,10,2674.0,0.0,1.0,1.885,0.065,0.323
Jonas Omlin,2021-2022,fr Ligue 1,247915,29,44.0,8,10,2589.0,0.0,1.0,1.53,0.276,0.345
Jonas Omlin,2022-2023,de Bundesliga,247915,15,21.0,5,5,1291.0,0.0,0.0,1.464,0.333,0.333
Jonas Omlin,2022-2023,fr Ligue 1,247915,14,27.0,3,5,1168.0,1.0,1.0,2.08,0.214,0.357
Jordan Pickford,2020-2021,eng Premier League,130164,31,39.0,10,15,2743.0,1.0,0.0,1.28,0.323,0.484
Jordan Pickford,2021-2022,eng Premier League,130164,35,58.0,7,10,3150.0,2.0,0.0,1.657,0.2,0.286
Jordan Pickford,2022-2023,eng Premier League,130164,37,57.0,8,7,3330.0,5.0,0.0,1.541,0.216,0.189
Jordan Pickford,2023-2024,eng Premier League,130164,7,11.0,1,0,630.0,1.0,0.0,1.571,0.143,0.0
Jordi Masip,2020-2021,es La Liga,65263,25,40.0,2,4,2250.0,3.0,0.0,1.6,0.08,0.16
Jordi Masip,2022-2023,es La Liga,65263,28,42.0,8,9,2508.0,4.0,0.0,1.507,0.286,0.321
Josep Martínez,2020-2021,de Bundesliga,388516,1,2.0,0,0,90.0,0.0,0.0,2.0,0.0,0.0
Josep Martínez,2021-2022,de Bundesliga,388516,1,3.0,0,0,90.0,0.0,0.0,3.0,0.0,0.0
Josep Martínez,2023-2024,it Serie A,388516,9,12.0,3,3,810.0,1.0,0.0,1.333,0.333,0.333
José Sá,2021-2022,eng Premier League,249994,37,42.0,11,15,3285.0,3.0,0.0,1.151,0.297,0.405
José Sá,2022-2023,eng Premier League,249994,36,55.0,11,11,3240.0,2.0,0.0,1.528,0.306,0.306
José Sá,2023-2024,eng Premier League,249994,8,13.0,2,4,675.0,0.0,0.0,1.733,0.25,0.5
Juan Carlos,2022-2023,es La Liga,120705,10,18.0,0,2,900.0,0.0,0.0,1.8,0.0,0.2
Juan Musso,2020-2021,it Serie A,242359,35,51.0,8,9,3148.0,5.0,0.0,1.458,0.229,0.257
Juan Musso,2021-2022,it Serie A,242359,33,43.0,8,16,2933.0,1.0,1.0,1.319,0.242,0.485
Juan Musso,2022-2023,it Serie A,242359,24,27.0,8,13,2078.0,1.0,0.0,1.169,0.333,0.542
Juan Pérez,2020-2021,es La Liga,298613,3,3.0,1,1,270.0,0.0,0.0,1.0,0.333,0.333
Juan Pérez,2021-2022,es La Liga,298613,2,3.0,0,0,180.0,0.0,0.0,1.5,0.0,0.0
Julen Agirrezabala,2021-2022,es La Liga,625014,4,5.0,1,1,360.0,0.0,0.0,1.25,0.25,0.25
Julen Agirrezabala,2022-2023,es La Liga,625014,7,6.0,2,1,630.0,0.0,0.0,0.857,0.286,0.143
Julian Pollersbeck,2021-2022,fr Ligue 1,228975,4,5.0,1,3,360.0,0.0,0.0,1.25,0.25,0.75
Karl Darlow,2020-2021,eng Premier League,99397,25,43.0,4,7,2250.0,3.0,0.0,1.72,0.16,0.28
Karl Darlow,2021-2022,eng Premier League,99397,8,15.0,0,0,720.0,1.0,0.0,1.875,0.0,0.0
Karlo Letica,2020-2021,it Serie A,318707,1,0.0,1,1,90.0,0.0,0.0,0.0,1.0,1.0
Kasper Schmeichel,2020-2021,eng Premier League,16911,38,50.0,11,20,3420.0,0.0,0.0,1.316,0.289,0.526
Kasper Schmeichel,2021-2022,eng Premier League,16911,37,58.0,7,13,3330.0,1.0,0.0,1.568,0.189,0.351
Kasper Schmeichel,2022-2023,fr Ligue 1,16911,36,35.0,11,15,3240.0,0.0,0.0,0.972,0.306,0.417
Kepa Arrizabalaga,2020-2021,eng Premier League,192279,6,7.0,2,2,540.0,0.0,0.0,1.167,0.333,0.333
Kepa Arrizabalaga,2021-2022,eng Premier League,192279,4,2.0,2,2,360.0,0.0,0.0,0.5,0.5,0.5
Kepa Arrizabalaga,2022-2023,eng Premier League,192279,29,34.0,9,8,2565.0,1.0,0.0,1.193,0.31,0.276
Kepa Arrizabalaga,2023-2024,es La Liga,192279,1,2.0,0,1,90.0,0.0,0.0,2.0,0.0,1.0
Kevin Müller,2023-2024,de Bundesliga,43824,9,11.0,1,1,810.0,0.0,0.0,1.222,0.111,0.111
Kevin Trapp,2020-2021,de Bundesliga,45672,33,52.0,4,15,2970.0,0.0,0.0,1.576,0.121,0.455
Kevin Trapp,2021-2022,de Bundesliga,45672,32,46.0,5,10,2880.0,2.0,0.0,1.438,0.156,0.312
Kevin Trapp,2022-2023,de Bundesliga,45672,33,51.0,6,13,2970.0,3.0,0.0,1.545,0.182,0.394
Kevin Trapp,2023-2024,de Bundesliga,45672,8,14.0,1,3,720.0,1.0,0.0,1.75,0.125,0.375
Keylor Navas,2020-2021,fr Ligue 1,79422,29,19.0,15,21,2520.0,0.0,0.0,0.679,0.517,0.724
Keylor Navas,2021-2022,fr Ligue 1,79422,21,19.0,8,13,1858.0,0.0,1.0,0.92,0.381,0.619
Keylor Navas,2022-2023,eng Premier League,79422,17,32.0,2,4,1530.0,2.0,0.0,1.882,0.118,0.235
Keylor Navas,2023-2024,fr Ligue 1,79422,2,3.0,0,1,180.0,0.0,0.0,1.5,0.0,0.5
Kiko Casilla,2020-2021,eng Premier League,27486,3,2.0,1,2,270.0,0.0,0.0,0.667,0.333,0.667
Kiko Casilla,2021-2022,es La Liga,27486,14,17.0,3,3,1260.0,3.0,0.0,1.214,0.214,0.214
Koen Casteels,2020-2021,de Bundesliga,108880,32,33.0,14,17,2880.0,0.0,0.0,1.031,0.438,0.531
Koen Casteels,2021-2022,de Bundesliga,108880,28,40.0,10,11,2520.0,1.0,0.0,1.429,0.357,0.393
Koen Casteels,2022-2023,de Bundesliga,108880,34,48.0,12,13,3060.0,0.0,0.0,1.412,0.353,0.382
Koen Casteels,2023-2024,de Bundesliga,108880,7,12.0,0,0,630.0,0.0,0.0,1.714,0.0,0.0
Koke Vegas,2020-2021,es La Liga,299715,1,2.0,0,0,90.0,0.0,0.0,2.0,0.0,0.0
Lennart Grill,2020-2021,de Bundesliga,309397,4,7.0,1,1,360.0,0.0,0.0,1.75,0.25,0.25
Lennart Grill,2021-2022,de Bundesliga,309397,1,2.0,0,1,90.0,0.0,0.0,2.0,0.0,1.0
Lennart Grill,2022-2023,de Bundesliga,309397,5,11.0,2,2,450.0,0.0,0.0,2.2,0.4,0.4
Leo Román,2021-2022,es La Liga,562742,2,5.0,0,0,180.0,0.0,0.0,2.5,0.0,0.0
Leo Román,2022-2023,es La Liga,562742,1,0.0,1,1,90.0,0.0,0.0,0.0,1.0,1.0
Lorenzo Montipò,2020-2021,it Serie A,241923,37,74.0,7,7,3330.0,3.0,0.0,2.0,0.189,0.189
Lorenzo Montipò,2021-2022,it Serie A,241923,34,50.0,4,13,3060.0,1.0,0.0,1.471,0.118,0.382
Lorenzo Montipò,2022-2023,it Serie A,241923,37,59.0,5,7,3330.0,1.0,0.0,1.595,0.135,0.189
Lorenzo Montipò,2023-2024,it Serie A,241923,9,12.0,3,2,810.0,0.0,0.0,1.333,0.333,0.222
Loris Karius,2020-2021,de Bundesliga,85864,3,1.0,2,1,270.0,0.0,0.0,0.333,0.667,0.333
Loris Karius,2023-2024,eng Premier League,85864,1,4.0,0,0,90.0,0.0,0.0,4.0,0.0,0.0
Luca Gemello,2021-2022,it Serie A,463792,1,0.0,1,1,90.0,0.0,0.0,0.0,1.0,1.0
Luca Lezzerini,2021-2022,it Serie A,135747,6,10.0,0,2,495.0,2.0,0.0,1.818,0.0,0.333
Luca Zidane,2021-2022,es La Liga,283489,8,16.0,0,0,646.0,0.0,1.0,2.229,0.0,0.0
Lucas Chevalier,2022-2023,fr Ligue 1,463600,32,31.0,10,16,2880.0,1.0,0.0,0.969,0.312,0.5
Lucas Chevalier,2023-2024,fr Ligue 1,463600,8,9.0,4,3,720.0,1.0,0.0,1.125,0.5,0.375
Luigi Sepe,2020-2021,it Serie A,99254,36,76.0,5,3,3240.0,0.0,0.0,2.111,0.139,0.083
Luigi Sepe,2021-2022,it Serie A,99254,16,24.0,1,4,1394.0,2.0,0.0,1.549,0.062,0.25
Luigi Sepe,2022-2023,it Serie A,99254,17,27.0,3,4,1530.0,3.0,0.0,1.588,0.176,0.235
Lukas Hradecky,2020-2021,de Bundesliga,48015,29,31.0,8,13,2565.0,1.0,0.0,1.088,0.276,0.448
Lukas Hradecky,2021-2022,de Bundesliga,48015,32,44.0,8,17,2880.0,1.0,0.0,1.375,0.25,0.531
Lukas Hradecky,2022-2023,de Bundesliga,48015,33,47.0,9,14,2970.0,0.0,1.0,1.424,0.273,0.424
Lukas Hradecky,2023-2024,de Bundesliga,48015,8,6.0,4,8,720.0,1.0,0.0,0.75,0.5,1.0
Lukasz Fabianski,2020-2021,eng Premier League,29692,35,44.0,10,17,3150.0,2.0,0.0,1.257,0.286,0.486
Lukasz Fabianski,2021-2022,eng Premier League,29692,37,50.0,8,16,3330.0,2.0,0.0,1.351,0.216,0.432
Lukasz Fabianski,2022-2023,eng Premier League,29692,36,50.0,9,11,3113.0,1.0,0.0,1.446,0.25,0.306
Lukasz Skorupski,2020-2021,it Serie A,80894,28,46.0,4,10,2520.0,1.0,0.0,1.643,0.143,0.357
Lukasz Skorupski,2021-2022,it Serie A,80894,36,53.0,12,11,3240.0,4.0,0.0,1.472,0.333,0.306
Lukasz Skorupski,2022-2023,it Serie A,80894,37,49.0,7,13,3330.0,4.0,0.0,1.324,0.189,0.351
Lukasz Skorupski,2023-2024,it Serie A,80894,8,7.0,3,6,720.0,0.0,0.0,0.875,0.375,0.75
Luís Maximiano,2021-2022,es La Liga,367464,35,56.0,7,8,3137.0,2.0,0.0,1.607,0.2,0.229
Luís Maximiano,2022-2023,it Serie A,367464,1,1.0,0,1,6.0,0.0,1.0,6.0,0.0,1.0
Luís Maximiano,2023-2024,es La Liga,367464,9,14.0,2,1,810.0,0.0,0.0,1.556,0.222,0.111
Léo Jardim,2021-2022,fr Ligue 1,288415,17,20.0,8,6,1530.0,0.0,0.0,1.176,0.471,0.353
Léo Jardim,2022-2023,fr Ligue 1,288415,6,13.0,0,3,540.0,0.0,0.0,2.167,0.0,0.5
Maduka Okoye,2023-2024,it Serie A,340353,9,12.0,2,2,810.0,1.0,0.0,1.333,0.222,0.222
Manolo Reina,2021-2022,es La Liga,29051,21,26.0,8,6,1890.0,4.0,0.0,1.238,0.381,0.286
Manuel Neuer,2020-2021,de Bundesliga,17259,33,42.0,9,24,2970.0,1.0,0.0,1.273,0.273,0.727
Manuel Neuer,2021-2022,de Bundesliga,17259,28,26.0,10,22,2511.0,0.0,0.0,0.932,0.357,0.786
Manuel Neuer,2022-2023,de Bundesliga,17259,12,11.0,4,7,1080.0,0.0,0.0,0.917,0.333,0.583
Manuel Neuer,2023-2024,de Bundesliga,17259,10,16.0,1,6,900.0,1.0,0.0,1.6,0.1,0.6
Manuel Riemann,2021-2022,de Bundesliga,40792,31,45.0,7,10,2769.0,2.0,0.0,1.463,0.226,0.323
Manuel Riemann,2022-2023,de Bundesliga,40792,34,72.0,5,10,3060.0,3.0,0.0,2.118,0.147,0.294
Manuel Riemann,2023-2024,de Bundesliga,40792,8,16.0,1,2,720.0,2.0,0.0,2.0,0.125,0.25
Marc-André ter Stegen,2020-2021,es La Liga,74857,31,32.0,11,21,0.0,0.0,0.0,6.0,0.355,0.677
Marc-André ter Stegen,2021-2022,es La Liga,74857,35,34.0,11,19,3150.0,3.0,0.0,0.971,0.314,0.543
Marc-André ter Stegen,2022-2023,es La Liga,74857,38,20.0,26,28,3348.0,0.0,0.0,0.538,0.684,0.737
Marc-André ter Stegen,2023-2024,es La Liga,74857,6,4.0,4,4,540.0,1.0,0.0,0.667,0.667,0.667
Marc-Aurèle Caillard,2020-2021,fr Ligue 1,205465,4,10.0,0,0,360.0,1.0,0.0,2.5,0.0,0.0
Marc-Aurèle Caillard,2021-2022,fr Ligue 1,205465,17,29.0,5,4,1530.0,1.0,0.0,1.706,0.294,0.235
Marcel Lotka,2021-2022,de Bundesliga,453737,9,18.0,2,2,810.0,1.0,0.0,2.0,0.222,0.222
Marcel Schuhen,2023-2024,de Bundesliga,93651,9,21.0,1,0,810.0,1.0,0.0,2.333,0.111,0.0
Marcin Bulka,2020-2021,fr Ligue 1,465955,1,1.0,0,0,90.0,0.0,0.0,1.0,0.0,0.0
Marcin Bulka,2021-2022,fr Ligue 1,465955,1,1.0,0,0,90.0,0.0,0.0,1.0,0.0,0.0
Marcin Bulka,2022-2023,fr Ligue 1,465955,2,2.0,0,0,180.0,0.0,0.0,1.0,0.0,0.0
Marcin Bulka,2023-2024,fr Ligue 1,465955,8,9.0,3,2,720.0,0.0,0.0,1.125,0.375,0.25
Marco Bizot,2021-2022,fr Ligue 1,124884,38,57.0,7,13,3420.0,1.0,0.0,1.5,0.184,0.342
Marco Bizot,2022-2023,fr Ligue 1,124884,36,53.0,8,11,3240.0,4.0,0.0,1.472,0.222,0.306
Marco Bizot,2023-2024,fr Ligue 1,124884,6,5.0,2,1,537.0,0.0,1.0,0.838,0.333,0.167
Marco Carnesecchi,2022-2023,it Serie A,459763,27,47.0,4,4,2430.0,1.0,0.0,1.741,0.148,0.148
Marco Carnesecchi,2023-2024,it Serie A,459763,8,11.0,2,4,720.0,0.0,0.0,1.375,0.25,0.5
Marco Festa,2020-2021,it Serie A,257660,1,1.0,0,0,90.0,0.0,0.0,1.0,0.0,0.0
Marco Silvestri,2020-2021,it Serie A,85528,34,42.0,7,11,3060.0,1.0,0.0,1.235,0.206,0.324
Marco Silvestri,2021-2022,it Serie A,85528,35,50.0,7,10,3150.0,1.0,0.0,1.429,0.2,0.286
Marco Silvestri,2022-2023,it Serie A,85528,38,48.0,10,11,3420.0,0.0,0.0,1.263,0.263,0.289
Marco Sportiello,2020-2021,it Serie A,199976,13,19.0,2,9,1170.0,0.0,0.0,1.462,0.154,0.692
Marco Sportiello,2021-2022,it Serie A,199976,5,5.0,2,0,450.0,0.0,0.0,1.0,0.4,0.0
Marco Sportiello,2022-2023,it Serie A,199976,14,21.0,1,6,1257.0,0.0,0.0,1.504,0.071,0.429
Marek Rodak,2020-2021,eng Premier League,186901,2,5.0,0,0,180.0,0.0,0.0,2.5,0.0,0.0
Marek Rodak,2022-2023,eng Premier League,186901,2,2.0,1,0,180.0,0.0,0.0,1.0,0.5,0.0
Marius Funk,2021-2022,de Bundesliga,170517,8,30.0,0,0,720.0,0.0,0.0,3.75,0.0,0.0
Mark Flekken,2020-2021,de Bundesliga,125714,3,6.0,0,1,270.0,0.0,0.0,2.0,0.0,0.333
Mark Flekken,2021-2022,de Bundesliga,125714,32,39.0,10,15,2880.0,0.0,0.0,1.219,0.312,0.469
Mark Flekken,2022-2023,de Bundesliga,125714,34,44.0,13,17,3060.0,0.0,0.0,1.294,0.382,0.5
Mark Flekken,2023-2024,eng Premier League,125714,10,23.0,1,2,900.0,2.0,0.0,2.3,0.1,0.2
Mark Travers,2022-2023,eng Premier League,357658,11,31.0,2,2,990.0,0.0,0.0,2.818,0.182,0.182
Marko Dmitrovic,2023-2024,es La Liga,94308,1,5.0,0,0,90.0,0.0,0.0,5.0,0.0,0.0
Marko Dmitrović,2020-2021,es La Liga,94308,35,49.0,9,6,3121.0,0.0,0.0,1.413,0.257,0.171
Marko Dmitrović,2021-2022,es La Liga,94308,6,5.0,4,4,540.0,0.0,0.0,0.833,0.667,0.667
Marko Dmitrović,2022-2023,es La Liga,94308,13,12.0,5,6,1170.0,1.0,0.0,0.923,0.385,0.462
Martin Dúbravka,2020-2021,eng Premier League,74960,13,19.0,3,5,1170.0,0.0,0.0,1.462,0.231,0.385
Martin Dúbravka,2021-2022,eng Premier League,74960,26,35.0,8,13,2340.0,1.0,0.0,1.346,0.308,0.5
Martin Dúbravka,2022-2023,eng Premier League,74960,1,1.0,0,0,90.0,0.0,0.0,1.0,0.0,0.0
Martin Dúbravka,2023-2024,eng Premier League,74960,6,12.0,1,3,540.0,0.0,0.0,2.0,0.167,0.5
Martin Turk,2022-2023,it Serie A,700643,4,9.0,0,1,360.0,0.0,0.0,2.25,0.0,0.25
Marvin Schwäbe,2021-2022,de Bundesliga,160929,21,28.0,3,10,1890.0,1.0,0.0,1.333,0.143,0.476
Marvin Schwäbe,2022-2023,de Bundesliga,160929,34,54.0,6,10,3060.0,1.0,0.0,1.588,0.176,0.294
Marvin Schwäbe,2023-2024,de Bundesliga,160929,9,18.0,1,1,810.0,0.0,0.0,2.0,0.111,0.111
Marwin Hitz,2020-2021,de Bundesliga,59238,16,18.0,7,11,1395.0,1.0,0.0,1.161,0.438,0.688
Marwin Hitz,2021-2022,de Bundesliga,59238,4,11.0,0,1,360.0,0.0,0.0,2.75,0.0,0.25
Massamba N'Diaye,2023-2024,fr Ligue 1,916497,1,1.0,0,0,90.0,0.0,0.0,1.0,0.0,0.0
Matej Kovar,2023-2024,de Bundesliga,550829,1,0.0,1,0,90.0,0.0,0.0,0.0,1.0,0.0
Mateusz Lis,2022-2023,fr Ligue 1,345437,8,16.0,1,1,720.0,1.0,0.0,2.0,0.125,0.125
Mathew Ryan,2020-2021,eng Premier League,128969,14,21.0,3,3,1260.0,1.0,0.0,1.5,0.214,0.214
Mathew Ryan,2021-2022,es La Liga,128969,3,5.0,1,2,270.0,0.0,0.0,1.667,0.333,0.667
Mathieu Gorgelin,2023-2024,fr Ligue 1,60543,1,2.0,0,0,90.0,1.0,0.0,2.0,0.0,0.0
Matis Carvalho,2022-2023,fr Ligue 1,478346,1,3.0,0,0,90.0,0.0,0.0,3.0,0.0,0.0
Matt Turner,2023-2024,eng Premier League,425306,2,5.0,0,0,180.0,0.0,0.0,2.5,0.0,0.0
Matthieu Dreyer,2020-2021,fr Ligue 1,57134,15,25.0,2,5,1350.0,1.0,0.0,1.667,0.133,0.333
Matthieu Dreyer,2021-2022,fr Ligue 1,57134,16,25.0,7,5,1440.0,0.0,0.0,1.562,0.438,0.312
Mattia Perin,2020-2021,it Serie A,110923,32,44.0,8,9,2880.0,1.0,1.0,1.375,0.25,0.281
Mattia Perin,2021-2022,it Serie A,110923,5,8.0,1,2,405.0,0.0,0.0,1.778,0.2,0.4
Mattia Perin,2022-2023,it Serie A,110923,10,7.0,5,5,900.0,0.0,0.0,0.7,0.5,0.5
Matz Sels,2020-2021,fr Ligue 1,127202,6,13.0,0,1,540.0,0.0,0.0,2.167,0.0,0.167
Matz Sels,2021-2022,fr Ligue 1,127202,37,43.0,13,16,3330.0,1.0,0.0,1.162,0.351,0.432
Matz Sels,2022-2023,fr Ligue 1,127202,38,59.0,6,9,3420.0,2.0,0.0,1.553,0.158,0.237
Matz Sels,2023-2024,eng Premier League,127202,7,11.0,1,1,630.0,1.0,0.0,1.571,0.143,0.143
Matz Sels,2023-2024,fr Ligue 1,127202,1,1.0,0,0,90.0,0.0,0.0,1.0,0.0,0.0
Matías Dituro,2021-2022,es La Liga,144128,38,43.0,14,12,3420.0,1.0,0.0,1.132,0.368,0.316
Maxime Dupé,2022-2023,fr Ligue 1,127188,38,57.0,9,13,3420.0,2.0,0.0,1.5,0.237,0.342
Michael Esser,2021-2022,de Bundesliga,61989,3,7.0,0,2,270.0,0.0,0.0,2.333,0.0,0.667
Michael Langer,2020-2021,de Bundesliga,19114,2,8.0,0,0,180.0,0.0,0.0,4.0,0.0,0.0
Michael Zetterer,2022-2023,de Bundesliga,196813,1,2.0,0,0,90.0,0.0,0.0,2.0,0.0,0.0
Michael Zetterer,2023-2024,de Bundesliga,196813,9,10.0,3,4,810.0,0.0,0.0,1.111,0.333,0.444
Michele Cerofolini,2022-2023,it Serie A,370701,5,3.0,2,4,450.0,0.0,0.0,0.6,0.4,0.8
Michele Cerofolini,2023-2024,it Serie A,370701,2,4.0,0,0,180.0,1.0,0.0,2.0,0.0,0.0
Michele Di Gregorio,2022-2023,it Serie A,301238,37,49.0,10,14,3330.0,0.0,0.0,1.324,0.27,0.378
Michele Di Gregorio,2023-2024,it Serie A,301238,8,8.0,5,5,673.0,0.0,0.0,1.07,0.625,0.625
Mike Maignan,2020-2021,fr Ligue 1,182906,38,23.0,21,24,3420.0,1.0,0.0,0.605,0.553,0.632
Mike Maignan,2021-2022,it Serie A,182906,32,21.0,17,22,2880.0,1.0,0.0,0.656,0.531,0.688
Mike Maignan,2022-2023,it Serie A,182906,22,21.0,8,11,1979.0,0.0,0.0,0.955,0.364,0.5
Mike Maignan,2023-2024,it Serie A,182906,9,12.0,3,6,810.0,0.0,0.0,1.333,0.333,0.667
Mile Svilar,2022-2023,it Serie A,338670,3,3.0,1,1,270.0,1.0,0.0,1.0,0.333,0.333
Mile Svilar,2023-2024,it Serie A,338670,5,5.0,2,4,450.0,1.0,0.0,1.0,0.4,0.8
Moritz Nicolas,2023-2024,de Bundesliga,284270,9,14.0,2,1,810.0,0.0,0.0,1.556,0.222,0.111
Mory Diaw,2022-2023,fr Ligue 1,164904,37,47.0,10,17,3330.0,0.0,0.0,1.27,0.27,0.459
Mory Diaw,2023-2024,fr Ligue 1,164904,7,15.0,1,1,630.0,0.0,0.0,2.143,0.143,0.143
Mouhamadou Sarr,2022-2023,it Serie A,338101,2,3.0,1,1,180.0,0.0,0.0,1.5,0.5,0.5
Neto,2020-2021,es La Liga,111819,7,6.0,3,3,630.0,0.0,0.0,0.857,0.429,0.429
Neto,2021-2022,es La Liga,111819,3,4.0,0,2,270.0,0.0,0.0,1.333,0.0,0.667
Neto,2022-2023,eng Premier League,111819,27,40.0,6,9,2385.0,4.0,0.0,1.509,0.222,0.333
Neto,2023-2024,eng Premier League,111819,9,17.0,1,2,810.0,1.0,0.0,1.889,0.111,0.222
Nick Pope,2020-2021,eng Premier League,192080,32,37.0,11,10,2880.0,1.0,0.0,1.156,0.344,0.312
Nick Pope,2021-2022,eng Premier League,192080,36,47.0,9,7,3240.0,1.0,0.0,1.306,0.25,0.194
Nick Pope,2022-2023,eng Premier League,192080,37,32.0,14,19,3262.0,3.0,1.0,0.883,0.378,0.514
Nicola Ravaglia,2022-2023,it Serie A,42796,9,23.0,0,0,810.0,0.0,0.0,2.556,0.0,0.0
Nicolò Manfredini,2020-2021,it Serie A,139743,1,1.0,0,0,90.0,0.0,0.0,1.0,0.0,0.0
Niki Mäenpää,2021-2022,it Serie A,12359,16,26.0,1,1,1440.0,0.0,0.0,1.625,0.062,0.062
Niklas Lomb,2020-2021,de Bundesliga,85543,1,1.0,0,0,90.0,0.0,0.0,1.0,0.0,0.0
Noah Atubolu,2023-2024,de Bundesliga,526845,9,22.0,0,2,810.0,0.0,0.0,2.444,0.0,0.222
Nícolas,2020-2021,it Serie A,99523,2,5.0,0,1,180.0,0.0,0.0,2.5,0.0,0.5
Oier Olazábal,2021-2022,es La Liga,8176,1,1.0,0,0,90.0,0.0,0.0,1.0,0.0,0.0
Oliver Baumann,2020-2021,de Bundesliga,55089,31,51.0,6,10,2790.0,1.0,0.0,1.645,0.194,0.323
Oliver Baumann,2021-2022,de Bundesliga,55089,33,57.0,8,12,2970.0,1.0,0.0,1.727,0.242,0.364
Oliver Baumann,2022-2023,de Bundesliga,55089,34,57.0,5,10,3060.0,2.0,0.0,1.676,0.147,0.294
Oliver Baumann,2023-2024,de Bundesliga,55089,9,17.0,0,2,810.0,0.0,0.0,1.889,0.0,0.222
Oliver Christensen,2022-2023,de Bundesliga,471936,33,68.0,3,6,2970.0,2.0,0.0,2.061,0.091,0.182
Ouparine Djoco,2021-2022,fr Ligue 1,594993,23,36.0,5,6,2070.0,1.0,0.0,1.565,0.217,0.261
Ouparine Djoco,2022-2023,fr Ligue 1,594993,1,2.0,0,0,90.0,0.0,0.0,2.0,0.0,0.0
Patrick Pentz,2022-2023,fr Ligue 1,223972,7,14.0,0,1,630.0,1.0,0.0,2.0,0.0,0.143
Pau López,2020-2021,it Serie A,286415,20,28.0,4,10,1800.0,0.0,0.0,1.4,0.2,0.5
Pau López,2021-2022,fr Ligue 1,286415,29,31.0,10,15,2610.0,4.0,0.0,1.069,0.345,0.517
Pau López,2022-2023,fr Ligue 1,286415,32,33.0,10,21,2880.0,3.0,0.0,1.031,0.312,0.656
Pau López,2023-2024,fr Ligue 1,286415,7,8.0,1,3,630.0,1.0,0.0,1.143,0.143,0.429
Paul Bernardoni,2020-2021,fr Ligue 1,318507,38,58.0,9,12,3420.0,1.0,0.0,1.526,0.237,0.316
Paul Bernardoni,2021-2022,fr Ligue 1,318507,32,56.0,7,9,2880.0,0.0,0.0,1.75,0.219,0.281
Paul Bernardoni,2022-2023,fr Ligue 1,318507,27,62.0,3,1,2430.0,0.0,0.0,2.296,0.111,0.037
Paul Nardi,2020-2021,fr Ligue 1,189744,23,43.0,3,6,2070.0,1.0,0.0,1.87,0.13,0.261
Paul Nardi,2021-2022,fr Ligue 1,189744,22,38.0,4,3,1980.0,1.0,0.0,1.727,0.182,0.136
Paulo Gazzaniga,2020-2021,es La Liga,195488,8,9.0,2,3,720.0,3.0,0.0,1.125,0.25,0.375
Paulo Gazzaniga,2022-2023,es La Liga,195488,28,37.0,4,11,2520.0,4.0,0.0,1.321,0.143,0.393
Paulo Gazzaniga,2023-2024,es La Liga,195488,9,10.0,4,4,810.0,0.0,0.0,1.111,0.444,0.444
Pavao Pervan,2020-2021,de Bundesliga,51977,2,4.0,0,0,180.0,0.0,0.0,2.0,0.0,0.0
Pavao Pervan,2021-2022,de Bundesliga,51977,6,14.0,1,1,540.0,0.0,0.0,2.333,0.167,0.167
Pavao Pervan,2023-2024,de Bundesliga,51977,2,4.0,0,0,180.0,1.0,0.0,2.0,0.0,0.0
Pepe Reina,2020-2021,it Serie A,7825,29,41.0,9,18,2610.0,1.0,0.0,1.414,0.31,0.621
Pepe Reina,2021-2022,it Serie A,7825,15,29.0,2,6,1350.0,3.0,0.0,1.933,0.133,0.4
Pepe Reina,2022-2023,es La Liga,7825,22,27.0,5,13,1980.0,2.0,0.0,1.227,0.227,0.591
Pepe Reina,2023-2024,es La Liga,7825,1,1.0,0,1,90.0,0.0,0.0,1.0,0.0,1.0
Philipp Köhn,2023-2024,fr Ligue 1,251322,4,7.0,0,1,360.0,0.0,0.0,1.75,0.0,0.25
Philipp Pentke,2020-2021,de Bundesliga,8246,3,3.0,0,1,270.0,0.0,0.0,1.0,0.0,0.333
Philipp Pentke,2021-2022,de Bundesliga,8246,1,3.0,0,1,90.0,0.0,0.0,3.0,0.0,1.0
Pierluigi Gollini,2020-2021,it Serie A,244192,25,28.0,9,14,2159.0,0.0,1.0,1.167,0.36,0.56
Pierluigi Gollini,2022-2023,it Serie A,244192,7,6.0,4,3,630.0,0.0,0.0,0.857,0.571,0.429
Pierluigi Gollini,2023-2024,it Serie A,244192,3,2.0,1,1,270.0,0.0,0.0,0.667,0.333,0.333
Pietro Terracciano,2020-2021,it Serie A,96254,2,2.0,1,0,180.0,0.0,0.0,1.0,0.5,0.0
Pietro Terracciano,2021-2022,it Serie A,96254,31,40.0,9,16,2790.0,0.0,0.0,1.29,0.29,0.516
Pietro Terracciano,2022-2023,it Serie A,96254,29,38.0,5,9,2610.0,1.0,0.0,1.31,0.172,0.31
Pietro Terracciano,2023-2024,it Serie A,96254,8,11.0,1,2,720.0,1.0,0.0,1.375,0.125,0.25
Predrag Rajkovic,2020-2021,fr Ligue 1,190263,37,49.0,10,9,3285.0,2.0,0.0,1.342,0.27,0.243
Predrag Rajkovic,2021-2022,fr Ligue 1,190263,38,44.0,11,11,3420.0,2.0,0.0,1.158,0.289,0.289
Predrag Rajkovic,2022-2023,es La Liga,190263,36,40.0,12,13,3240.0,3.0,0.0,1.111,0.333,0.361
Predrag Rajkovic,2023-2024,es La Liga,190263,9,11.0,2,3,810.0,1.0,0.0,1.222,0.222,0.333
Péter Gulácsi,2020-2021,de Bundesliga,57071,33,30.0,15,19,2970.0,0.0,0.0,0.909,0.455,0.576
Péter Gulácsi,2021-2022,de Bundesliga,57071,33,34.0,10,17,2967.0,1.0,0.0,1.031,0.303,0.515
Péter Gulácsi,2022-2023,de Bundesliga,57071,6,10.0,2,2,540.0,0.0,0.0,1.667,0.333,0.333
Péter Gulácsi,2023-2024,de Bundesliga,57071,6,4.0,3,5,540.0,0.0,0.0,0.667,0.5,0.833
Radoslaw Majecki,2020-2021,fr Ligue 1,346546,1,1.0,0,1,90.0,0.0,0.0,1.0,0.0,1.0
Radoslaw Majecki,2023-2024,fr Ligue 1,346546,4,4.0,2,2,360.0,1.0,0.0,1.0,0.5,0.5
Rafael,2020-2021,it Serie A,84467,2,5.0,0,0,180.0,0.0,0.0,2.5,0.0,0.0
Rafal Gikiewicz,2020-2021,de Bundesliga,78339,34,54.0,7,10,3060.0,3.0,0.0,1.588,0.206,0.294
Rafal Gikiewicz,2021-2022,de Bundesliga,78339,34,56.0,9,10,3060.0,0.0,0.0,1.647,0.265,0.294
Rafal Gikiewicz,2022-2023,de Bundesliga,78339,23,41.0,5,8,2070.0,3.0,0.0,1.783,0.217,0.348
Ralf Fährmann,2020-2021,de Bundesliga,39015,22,55.0,3,3,1877.0,2.0,0.0,2.637,0.136,0.136
Ralf Fährmann,2022-2023,de Bundesliga,39015,12,15.0,5,3,1026.0,0.0,0.0,1.316,0.417,0.25
Robert Sánchez,2020-2021,eng Premier League,403151,27,27.0,10,7,2430.0,2.0,0.0,1.0,0.37,0.259
Robert Sánchez,2021-2022,eng Premier League,403151,37,42.0,11,12,3330.0,3.0,1.0,1.135,0.297,0.324
Robert Sánchez,2022-2023,eng Premier League,403151,23,30.0,6,11,2070.0,2.0,0.0,1.304,0.261,0.478
Roberto,2020-2021,es La Liga,37403,13,17.0,1,1,1170.0,0.0,0.0,1.308,0.077,0.077
Robin Olsen,2020-2021,eng Premier League,75458,7,9.0,2,2,630.0,1.0,0.0,1.286,0.286,0.286
Robin Olsen,2021-2022,eng Premier League,75458,1,3.0,0,0,90.0,0.0,0.0,3.0,0.0,0.0
Robin Olsen,2022-2023,eng Premier League,75458,2,3.0,1,1,180.0,0.0,0.0,1.5,0.5,0.5
Robin Zentner,2020-2021,de Bundesliga,160963,31,46.0,5,9,2790.0,2.0,0.0,1.484,0.161,0.29
Robin Zentner,2021-2022,de Bundesliga,160963,32,42.0,10,12,2880.0,1.0,0.0,1.312,0.312,0.375
Robin Zentner,2022-2023,de Bundesliga,160963,26,39.0,7,9,2340.0,1.0,0.0,1.5,0.269,0.346
Robin Zentner,2023-2024,de Bundesliga,160963,9,17.0,2,2,810.0,1.0,0.0,1.889,0.222,0.222
Romain Salin,2020-2021,fr Ligue 1,23974,15,14.0,5,9,1350.0,1.0,0.0,0.933,0.333,0.6
Romain Salin,2021-2022,fr Ligue 1,23974,1,2.0,0,0,90.0,0.0,0.0,2.0,0.0,0.0
Roman Bürki,2020-2021,de Bundesliga,59027,18,28.0,4,9,1620.0,0.0,0.0,1.556,0.222,0.5
Roman Bürki,2021-2022,de Bundesliga,59027,1,1.0,0,1,90.0,0.0,0.0,1.0,0.0,1.0
Rubén Blanco,2020-2021,es La Liga,199321,19,30.0,4,7,1639.0,0.0,1.0,1.647,0.211,0.368
Rubén Blanco,2022-2023,fr Ligue 1,199321,5,6.0,0,1,405.0,0.0,0.0,1.333,0.0,0.2
Rubén Blanco,2023-2024,fr Ligue 1,199321,1,1.0,0,0,90.0,0.0,0.0,1.0,0.0,0.0
Rubén Martínez,2020-2021,es La Liga,8184,3,6.0,0,0,188.0,0.0,1.0,2.872,0.0,0.0
Rubén Yáñez,2020-2021,es La Liga,246335,10,12.0,4,3,900.0,2.0,0.0,1.2,0.4,0.3
Rui Patrício,2020-2021,eng Premier League,45026,37,51.0,10,12,3330.0,1.0,0.0,1.378,0.27,0.324
Rui Patrício,2021-2022,it Serie A,45026,38,43.0,15,18,3420.0,2.0,0.0,1.132,0.395,0.474
Rui Patrício,2022-2023,it Serie A,45026,35,35.0,13,17,3150.0,1.0,0.0,1.0,0.371,0.486
Rui Patrício,2023-2024,it Serie A,45026,4,6.0,1,3,360.0,1.0,0.0,1.5,0.25,0.75
Rui Silva,2020-2021,es La Liga,234811,31,55.0,7,11,2790.0,1.0,0.0,1.774,0.226,0.355
Rui Silva,2021-2022,es La Liga,234811,21,19.0,8,11,1890.0,2.0,0.0,0.905,0.381,0.524
Rui Silva,2022-2023,es La Liga,234811,26,32.0,9,12,2340.0,2.0,0.0,1.231,0.346,0.462
Rui Silva,2023-2024,es La Liga,234811,9,13.0,3,3,810.0,2.0,0.0,1.444,0.333,0.333
Rune Jarstein,2020-2021,de Bundesliga,24112,8,13.0,1,2,720.0,0.0,0.0,1.625,0.125,0.25
Rémy Descamps,2022-2023,fr Ligue 1,282028,1,1.0,0,0,90.0,0.0,0.0,1.0,0.0,0.0
Rémy Descamps,2023-2024,fr Ligue 1,282028,1,2.0,0,0,90.0,0.0,0.0,2.0,0.0,0.0
Rémy Riou,2022-2023,fr Ligue 1,18940,5,6.0,1,1,450.0,0.0,0.0,1.2,0.2,0.2
Salvatore Sirigu,2020-2021,it Serie A,25508,32,62.0,7,5,2880.0,0.0,0.0,1.938,0.219,0.156
Salvatore Sirigu,2021-2022,it Serie A,25508,37,59.0,10,4,3330.0,0.0,0.0,1.595,0.27,0.108
Salvatore Sirigu,2022-2023,it Serie A,25508,1,0.0,1,1,90.0,0.0,0.0,0.0,1.0,1.0
Sam Johnstone,2020-2021,eng Premier League,110864,37,74.0,6,4,3330.0,1.0,0.0,2.0,0.162,0.108
Sam Johnstone,2022-2023,eng Premier League,110864,9,10.0,3,4,810.0,1.0,0.0,1.111,0.333,0.444
Sam Johnstone,2023-2024,eng Premier League,110864,4,5.0,1,1,360.0,1.0,0.0,1.25,0.25,0.25
Samir Handanovic,2020-2021,it Serie A,28021,37,34.0,14,27,3240.0,1.0,0.0,0.944,0.378,0.73
Samir Handanovic,2021-2022,it Serie A,28021,37,30.0,15,25,3330.0,1.0,0.0,0.811,0.405,0.676
Samir Handanovic,2022-2023,it Serie A,28021,14,18.0,5,9,1235.0,0.0,0.0,1.312,0.357,0.643
Samir Ujkani,2020-2021,it Serie A,42744,1,1.0,0,0,90.0,0.0,0.0,1.0,0.0,0.0
Samuele Perisan,2022-2023,it Serie A,301240,7,9.0,2,1,630.0,0.0,0.0,1.286,0.286,0.143
Sascha Burchert,2021-2022,de Bundesliga,36898,14,28.0,3,2,1260.0,0.0,0.0,2.0,0.214,0.143
Saturnin Allagbé,2020-2021,fr Ligue 1,274958,12,30.0,3,2,1080.0,2.0,0.0,2.5,0.25,0.167
Scott Carson,2020-2021,eng Premier League,14555,1,3.0,0,1,90.0,0.0,0.0,3.0,0.0,1.0
Sergio Asenjo,2020-2021,es La Liga,51710,36,40.0,10,15,3240.0,2.0,0.0,1.111,0.278,0.417
Sergio Asenjo,2021-2022,es La Liga,51710,6,9.0,0,2,540.0,1.0,0.0,1.5,0.0,0.333
Sergio Asenjo,2022-2023,es La Liga,51710,10,21.0,1,2,900.0,0.0,0.0,2.1,0.1,0.2
Sergio Herrera,2020-2021,es La Liga,248738,32,39.0,10,10,2880.0,1.0,0.0,1.219,0.312,0.312
Sergio Herrera,2021-2022,es La Liga,248738,36,48.0,12,12,3240.0,3.0,0.0,1.333,0.333,0.333
Sergio Herrera,2022-2023,es La Liga,248738,17,23.0,3,5,1530.0,3.0,0.0,1.353,0.176,0.294
Sergio Herrera,2023-2024,es La Liga,248738,9,13.0,3,4,810.0,0.0,0.0,1.444,0.333,0.444
Sergio Rico,2020-2021,fr Ligue 1,207302,8,8.0,4,5,720.0,0.0,0.0,1.0,0.5,0.625
Sergio Rico,2021-2022,es La Liga,207302,14,29.0,1,4,1260.0,0.0,0.0,2.071,0.071,0.286
Sergio Romero,2021-2022,it Serie A,30690,16,33.0,3,3,1440.0,2.0,0.0,2.062,0.188,0.188
Simone Colombi,2020-2021,it Serie A,57285,2,7.0,0,0,180.0,0.0,0.0,3.5,0.0,0.0
Simone Perilli,2022-2023,it Serie A,240675,1,0.0,1,0,90.0,0.0,0.0,0.0,1.0,0.0
Simone Scuffet,2020-2021,it Serie A,238993,1,2.0,0,0,90.0,0.0,0.0,2.0,0.0,0.0
Simone Scuffet,2023-2024,it Serie A,238993,9,17.0,1,2,810.0,1.0,0.0,1.889,0.111,0.222
Stefan Bajic,2020-2021,fr Ligue 1,465836,1,4.0,0,0,90.0,0.0,0.0,4.0,0.0,0.0
Stefan Bajic,2021-2022,fr Ligue 1,465836,4,7.0,0,0,0.0,0.0,0.0,6.0,0.0,0.0
Stefan Ortega,2020-2021,de Bundesliga,85941,34,52.0,11,9,3060.0,1.0,0.0,1.529,0.324,0.265
Stefan Ortega,2021-2022,de Bundesliga,85941,33,53.0,6,4,2970.0,1.0,0.0,1.606,0.182,0.121
Stefan Ortega,2022-2023,eng Premier League,85941,3,1.0,2,2,270.0,0.0,0.0,0.333,0.667,0.667
Stefano Turati,2023-2024,it Serie A,543666,7,17.0,0,1,630.0,0.0,0.0,2.429,0.0,0.143
Stefanos Kapino,2021-2022,de Bundesliga,68410,1,0.0,1,1,90.0,0.0,0.0,0.0,1.0,1.0
Steve Mandanda,2020-2021,fr Ligue 1,23951,37,45.0,8,16,3330.0,1.0,0.0,1.216,0.216,0.432
Steve Mandanda,2021-2022,fr Ligue 1,23951,9,7.0,5,6,810.0,0.0,0.0,0.778,0.556,0.667
Steve Mandanda,2022-2023,fr Ligue 1,23951,34,32.0,13,19,3015.0,1.0,0.0,0.955,0.382,0.559
Steve Mandanda,2023-2024,fr Ligue 1,23951,8,9.0,2,5,720.0,1.0,0.0,1.125,0.25,0.625
Stole Dimitrievski,2021-2022,es La Liga,165467,30,34.0,9,11,2700.0,0.0,0.0,1.133,0.3,0.367
Stole Dimitrievski,2022-2023,es La Liga,165467,37,50.0,9,13,3325.0,4.0,0.0,1.353,0.243,0.351
Stole Dimitrievski,2023-2024,es La Liga,165467,10,14.0,2,1,900.0,0.0,0.0,1.4,0.2,0.1
Sven Ulreich,2021-2022,de Bundesliga,40680,6,11.0,1,2,540.0,0.0,0.0,1.833,0.167,0.333
Sven Ulreich,2022-2023,de Bundesliga,40680,3,2.0,2,3,270.0,0.0,0.0,0.667,0.667,1.0
Sébastien Cibois,2020-2021,fr Ligue 1,395251,3,4.0,1,1,270.0,0.0,0.0,1.333,0.333,0.333
Thibaut Courtois,2020-2021,es La Liga,108390,38,28.0,17,25,3420.0,0.0,0.0,0.737,0.447,0.658
Thibaut Courtois,2021-2022,es La Liga,108390,36,29.0,16,26,3240.0,1.0,0.0,0.806,0.444,0.722
Thibaut Courtois,2022-2023,es La Liga,108390,31,29.0,10,20,2790.0,0.0,0.0,0.935,0.323,0.645
Thomas Kaminski,2023-2024,eng Premier League,77757,9,22.0,1,1,810.0,0.0,0.0,2.444,0.111,0.111
Thomas Strakosha,2020-2021,it Serie A,222209,9,14.0,3,3,810.0,1.0,0.0,1.556,0.333,0.333
Thomas Strakosha,2021-2022,it Serie A,222209,23,29.0,7,12,2070.0,2.0,0.0,1.261,0.304,0.522
Tim Krul,2021-2022,eng Premier League,33027,29,62.0,5,4,2610.0,1.0,0.0,2.138,0.172,0.138
Timo Horn,2020-2021,de Bundesliga,84938,34,60.0,5,8,3010.0,0.0,0.0,1.794,0.147,0.235
Timo Horn,2021-2022,de Bundesliga,84938,13,21.0,1,4,1170.0,0.0,0.0,1.615,0.077,0.308
Tjark Ernst,2022-2023,de Bundesliga,553282,1,1.0,0,1,90.0,0.0,0.0,1.0,0.0,1.0
Tobias Sippel,2020-2021,de Bundesliga,31653,3,4.0,1,1,270.0,0.0,0.0,1.333,0.333,0.333
Tobias Sippel,2021-2022,de Bundesliga,31653,1,1.0,0,0,90.0,0.0,0.0,1.0,0.0,0.0
Tobias Sippel,2022-2023,de Bundesliga,31653,5,9.0,1,1,450.0,1.0,0.0,1.8,0.2,0.2
Tomas Koubek,2022-2023,de Bundesliga,146714,11,22.0,1,1,990.0,0.0,0.0,2.0,0.091,0.091
Tomas Vaclik,2020-2021,es La Liga,64000,5,5.0,2,3,450.0,0.0,0.0,1.0,0.4,0.6
Unai Simón,2020-2021,es La Liga,262396,37,40.0,9,11,3330.0,1.0,0.0,1.081,0.243,0.297
Unai Simón,2021-2022,es La Liga,262396,34,31.0,12,13,3060.0,3.0,0.0,0.912,0.353,0.382
Unai Simón,2022-2023,es La Liga,262396,31,37.0,9,13,2745.0,2.0,0.0,1.213,0.29,0.419
Unai Simón,2023-2024,es La Liga,262396,9,6.0,6,4,810.0,0.0,0.0,0.667,0.667,0.444
Vanja Milinkovic-Savic,2020-2021,it Serie A,257474,5,6.0,1,2,450.0,0.0,0.0,1.2,0.2,0.4
Vanja Milinkovic-Savic,2021-2022,it Serie A,257474,27,33.0,4,9,2430.0,3.0,0.0,1.222,0.148,0.333
Vanja Milinkovic-Savic,2022-2023,it Serie A,257474,38,41.0,11,14,3420.0,4.0,0.0,1.079,0.289,0.368
Vanja Milinković-Savić,2023-2024,it Serie A,257474,9,8.0,4,3,810.0,1.0,0.0,0.889,0.444,0.333
Vicente Guaita,2020-2021,eng Premier League,64399,37,64.0,8,11,3330.0,2.0,0.0,1.73,0.216,0.297
Vicente Guaita,2021-2022,eng Premier League,64399,30,34.0,11,9,2655.0,2.0,0.0,1.153,0.367,0.3
Vicente Guaita,2022-2023,eng Premier League,64399,27,34.0,6,7,2430.0,1.0,0.0,1.259,0.222,0.259
Vicente Guaita,2023-2024,es La Liga,64399,9,14.0,2,3,810.0,0.0,0.0,1.556,0.222,0.333
Vid Belec,2021-2022,it Serie A,73090,21,49.0,1,3,1890.0,1.0,0.0,2.333,0.048,0.143
Vincenzo Fiorillo,2021-2022,it Serie A,55000,1,5.0,0,0,90.0,0.0,0.0,5.0,0.0,0.0
Vincenzo Fiorillo,2022-2023,it Serie A,55000,1,2.0,0,1,90.0,0.0,0.0,2.0,0.0,1.0
Vito Mannone,2020-2021,fr Ligue 1,33781,9,14.0,2,5,810.0,0.0,0.0,1.556,0.222,0.556
Vito Mannone,2022-2023,fr Ligue 1,33781,17,23.0,5,4,1530.0,1.0,0.0,1.353,0.294,0.235
Walter Benítez,2020-2021,fr Ligue 1,296802,38,53.0,9,15,3420.0,3.0,0.0,1.395,0.237,0.395
Walter Benítez,2021-2022,fr Ligue 1,296802,37,35.0,14,20,3330.0,2.0,0.0,0.946,0.378,0.541
Wayne Hennessey,2021-2022,eng Premier League,45494,2,6.0,0,0,180.0,0.0,0.0,3.0,0.0,0.0
Wayne Hennessey,2022-2023,eng Premier League,45494,3,5.0,0,0,270.0,0.0,0.0,1.667,0.0,0.0
Wes Foderingham,2023-2024,eng Premier League,61697,4,13.0,0,1,360.0,0.0,0.0,3.25,0.0,0.25
Will Norris,2020-2021,eng Premier League,285033,2,4.0,0,0,180.0,0.0,0.0,2.0,0.0,0.0
Willy Caballero,2020-2021,eng Premier League,19948,1,3.0,0,0,90.0,0.0,0.0,3.0,0.0,0.0
Willy Caballero,2021-2022,eng Premier League,19948,2,5.0,0,0,180.0,1.0,0.0,2.5,0.0,0.0
Wladimiro Falcone,2021-2022,it Serie A,238537,9,14.0,2,2,810.0,2.0,0.0,1.556,0.222,0.222
Wladimiro Falcone,2022-2023,it Serie A,238537,38,46.0,6,8,3420.0,2.0,0.0,1.211,0.158,0.211
Wladimiro Falcone,2023-2024,it Serie A,238537,9,19.0,1,2,810.0,0.0,0.0,2.111,0.111,0.222
Wojciech Szczesny,2020-2021,it Serie A,44058,30,33.0,5,16,2678.0,0.0,0.0,1.109,0.167,0.533
Wojciech Szczesny,2021-2022,it Serie A,44058,33,29.0,12,18,2970.0,2.0,0.0,0.879,0.364,0.545
Wojciech Szczesny,2022-2023,it Serie A,44058,28,26.0,15,17,2473.0,1.0,0.0,0.946,0.536,0.607
Wojciech Szczęsny,2023-2024,it Serie A,44058,9,11.0,2,2,810.0,0.0,0.0,1.222,0.222,0.222
Wuilker Fariñez,2020-2021,fr Ligue 1,373714,1,2.0,0,0,90.0,0.0,0.0,2.0,0.0,0.0
Wuilker Fariñez,2021-2022,fr Ligue 1,373714,11,11.0,3,7,990.0,0.0,0.0,1.0,0.273,0.636
Yahia Fofana,2022-2023,fr Ligue 1,418651,11,19.0,1,3,990.0,2.0,0.0,1.727,0.091,0.273
Yann Sommer,2020-2021,de Bundesliga,42205,31,52.0,6,12,2713.0,1.0,1.0,1.725,0.194,0.387
Yann Sommer,2021-2022,de Bundesliga,42205,33,60.0,5,12,2949.0,2.0,0.0,1.831,0.152,0.364
Yann Sommer,2022-2023,de Bundesliga,42205,29,39.0,8,15,2610.0,1.0,0.0,1.345,0.276,0.517
Yann Sommer,2023-2024,it Serie A,42205,8,4.0,5,7,720.0,1.0,0.0,0.5,0.625,0.875
Yehvann Diouf,2020-2021,fr Ligue 1,448632,1,1.0,0,0,90.0,0.0,0.0,1.0,0.0,0.0
Yehvann Diouf,2022-2023,fr Ligue 1,448632,31,31.0,14,11,2790.0,2.0,0.0,1.0,0.452,0.355
Yehvann Diouf,2023-2024,fr Ligue 1,448632,8,11.0,1,2,720.0,0.0,0.0,1.375,0.125,0.25
Yoel Rodríguez,2020-2021,es La Liga,58115,3,3.0,0,0,270.0,0.0,0.0,1.0,0.0,0.0
Yohann Pelé,2020-2021,fr Ligue 1,6270,1,2.0,0,0,90.0,0.0,0.0,2.0,0.0,0.0
Yvon Mvogo,2022-2023,fr Ligue 1,147051,21,30.0,3,11,1813.0,0.0,0.0,1.489,0.143,0.524
Yvon Mvogo,2023-2024,fr Ligue 1,147051,8,11.0,1,4,720.0,0.0,0.0,1.375,0.125,0.5
Zack Steffen,2020-2021,eng Premier League,221624,1,1.0,0,1,90.0,0.0,0.0,1.0,0.0,1.0
Zack Steffen,2021-2022,eng Premier League,221624,1,0.0,1,1,90.0,0.0,0.0,0.0,1.0,1.0
Álex Primo,2021-2022,es La Liga,939445,1,1.0,0,1,0.0,0.0,0.0,6.0,0.0,1.0
Álex Remiro,2020-2021,es La Liga,212862,38,38.0,14,17,3420.0,0.0,0.0,1.0,0.368,0.447
Álex Remiro,2021-2022,es La Liga,212862,35,32.0,19,15,3150.0,1.0,0.0,0.914,0.543,0.429
Álex Remiro,2022-2023,es La Liga,212862,38,35.0,15,21,3420.0,1.0,0.0,0.921,0.395,0.553
Álex Remiro,2023-2024,es La Liga,212862,9,10.0,4,4,810.0,0.0,0.0,1.111,0.444,0.444
Álvaro Fernández,2020-2021,es La Liga,453704,22,32.0,5,5,1980.0,0.0,0.0,1.455,0.227,0.227
Álvaro Fernández,2021-2022,eng Premier League,453704,12,24.0,1,3,1080.0,0.0,0.0,2.0,0.083,0.25
Álvaro Fernández,2022-2023,es La Liga,453704,11,18.0,2,3,990.0,0.0,0.0,1.636,0.182,0.273
Álvaro Valles,2023-2024,es La Liga,417913,9,15.0,2,2,810.0,2.0,0.0,1.667,0.222,0.222
Ángel Jiménez,2020-2021,es La Liga,713632,1,2.0,0,0,90.0,0.0,0.0,2.0,0.0,0.0
Ørjan Nyland,2022-2023,de Bundesliga,73517,2,2.0,1,2,180.0,0.0,0.0,1.0,0.5,1.0
Ørjan Nyland,2023-2024,es La Liga,73517,8,9.0,2,3,720.0,0.0,0.0,1.125,0.25,0.375
